StoreID,ProductID,StockLevel,ReorderLevel
ST0001,P0422,50,37
ST0001,P0018,221,23
ST0001,P0230,80,39
ST0001,P0178,182,18
ST0001,P0527,246,23
ST0001,P0261,95,33
ST0001,P0068,241,34
ST0001,P0014,197,18
ST0001,P0298,160,28
ST0001,P0270,68,38
ST0001,P0035,0,36
ST0001,P0156,38,23
ST0001,P0499,167,18
ST0001,P0513,159,14
ST0001,P0137,108,31
ST0001,P0591,91,18
ST0001,P0151,31,34
ST0001,P0335,212,19
ST0001,P0183,249,39
ST0001,P0207,80,38
ST0001,P0582,248,22
ST0001,P0248,184,31
ST0001,P0378,214,18
ST0001,P0326,161,16
ST0001,P0467,204,20
ST0001,P0295,5,10
ST0001,P0066,195,30
ST0001,P0299,38,29
ST0001,P0144,83,20
ST0001,P0569,158,21
ST0001,P0354,197,15
ST0001,P0203,233,15
ST0001,P0075,171,16
ST0001,P0567,214,14
ST0001,P0494,163,15
ST0001,P0057,163,14
ST0001,P0318,58,38
ST0001,P0490,2,18
ST0001,P0062,54,23
ST0001,P0209,87,12
ST0001,P0481,121,34
ST0001,P0180,149,22
ST0001,P0278,94,12
ST0001,P0450,1,23
ST0001,P0236,75,34
ST0001,P0262,37,24
ST0001,P0104,30,19
ST0001,P0120,58,36
ST0001,P0429,93,23
ST0001,P0500,228,37
ST0001,P0573,202,38
ST0001,P0417,139,25
ST0001,P0461,110,27
ST0001,P0398,0,23
ST0001,P0471,169,28
ST0001,P0402,233,17
ST0001,P0440,190,24
ST0001,P0124,159,16
ST0001,P0271,175,17
ST0001,P0065,55,39
ST0001,P0503,137,29
ST0001,P0010,70,33
ST0001,P0545,181,39
ST0001,P0322,189,29
ST0001,P0141,52,28
ST0001,P0574,122,23
ST0001,P0339,227,30
ST0001,P0159,29,21
ST0001,P0532,228,18
ST0001,P0559,74,33
ST0001,P0392,211,34
ST0001,P0434,156,29
ST0001,P0480,34,32
ST0001,P0416,217,35
ST0001,P0419,243,10
ST0001,P0185,39,22
ST0001,P0460,197,18
ST0001,P0548,49,11
ST0001,P0508,40,24
ST0001,P0338,66,16
ST0002,P0333,135,14
ST0002,P0500,241,34
ST0002,P0115,175,35
ST0002,P0377,0,12
ST0002,P0520,162,23
ST0002,P0052,164,32
ST0002,P0334,64,34
ST0002,P0314,74,11
ST0002,P0487,126,18
ST0002,P0292,29,19
ST0002,P0078,142,31
ST0002,P0412,2,37
ST0002,P0463,126,20
ST0002,P0023,116,13
ST0002,P0075,25,17
ST0002,P0550,84,25
ST0002,P0483,246,15
ST0002,P0193,104,25
ST0002,P0261,184,27
ST0002,P0482,249,26
ST0002,P0453,247,27
ST0002,P0267,187,35
ST0002,P0411,26,38
ST0002,P0015,17,34
ST0002,P0478,103,35
ST0002,P0010,39,16
ST0002,P0545,171,12
ST0002,P0116,103,33
ST0002,P0401,95,12
ST0002,P0001,148,28
ST0002,P0013,32,11
ST0002,P0104,157,30
ST0002,P0522,167,33
ST0002,P0084,166,35
ST0002,P0107,1,15
ST0002,P0009,117,37
ST0002,P0465,215,35
ST0002,P0206,41,29
ST0002,P0588,246,26
ST0002,P0437,17,38
ST0002,P0347,4,32
ST0002,P0452,217,15
ST0002,P0276,190,10
ST0002,P0092,0,13
ST0002,P0018,150,36
ST0002,P0156,102,37
ST0002,P0367,238,19
ST0002,P0135,240,39
ST0002,P0474,121,13
ST0002,P0266,80,33
ST0002,P0210,85,24
ST0002,P0516,239,36
ST0002,P0417,161,20
ST0002,P0138,195,17
ST0002,P0567,7,32
ST0002,P0290,124,28
ST0002,P0570,249,23
ST0002,P0299,135,24
ST0002,P0197,27,19
ST0002,P0509,93,22
ST0002,P0466,155,25
ST0002,P0062,235,32
ST0002,P0469,166,21
ST0002,P0283,146,36
ST0002,P0394,123,38
ST0002,P0222,191,30
ST0002,P0031,74,12
ST0002,P0539,128,35
ST0002,P0200,19,38
ST0002,P0189,161,22
ST0002,P0215,104,11
ST0002,P0495,87,36
ST0002,P0448,177,33
ST0002,P0279,52,23
ST0002,P0407,91,36
ST0002,P0097,37,25
ST0002,P0095,194,38
ST0002,P0082,62,11
ST0002,P0069,199,15
ST0002,P0260,91,28
ST0003,P0220,0,31
ST0003,P0563,199,13
ST0003,P0560,137,16
ST0003,P0332,233,33
ST0003,P0468,218,26
ST0003,P0285,199,25
ST0003,P0381,173,28
ST0003,P0133,226,12
ST0003,P0308,0,34
ST0003,P0514,116,30
ST0003,P0255,0,23
ST0003,P0192,0,37
ST0003,P0233,0,28
ST0003,P0439,57,12
ST0003,P0397,194,13
ST0003,P0506,115,25
ST0003,P0169,69,31
ST0003,P0262,186,13
ST0003,P0375,2,38
ST0003,P0530,233,24
ST0003,P0056,49,16
ST0003,P0299,127,14
ST0003,P0538,197,35
ST0003,P0554,41,18
ST0003,P0327,21,26
ST0003,P0202,245,17
ST0003,P0551,58,23
ST0003,P0474,98,28
ST0003,P0496,193,19
ST0003,P0139,186,29
ST0003,P0142,183,33
ST0003,P0140,224,37
ST0003,P0141,138,15
ST0003,P0198,12,30
ST0003,P0566,132,25
ST0003,P0263,50,11
ST0003,P0278,145,23
ST0003,P0119,15,37
ST0003,P0107,95,18
ST0003,P0081,51,36
ST0003,P0295,55,34
ST0003,P0342,0,15
ST0003,P0557,49,21
ST0003,P0428,123,36
ST0003,P0195,240,17
ST0003,P0479,0,35
ST0003,P0300,236,23
ST0003,P0461,203,26
ST0003,P0431,153,24
ST0003,P0312,137,38
ST0003,P0443,173,33
ST0003,P0200,73,12
ST0003,P0454,0,17
ST0003,P0223,234,34
ST0003,P0447,81,26
ST0003,P0076,66,23
ST0003,P0471,54,30
ST0003,P0071,235,19
ST0003,P0362,56,35
ST0003,P0452,67,30
ST0003,P0171,224,29
ST0003,P0350,191,24
ST0003,P0250,203,12
ST0003,P0316,236,14
ST0003,P0001,153,29
ST0003,P0553,85,23
ST0003,P0187,168,21
ST0003,P0268,233,35
ST0003,P0279,16,10
ST0003,P0490,136,26
ST0003,P0126,64,10
ST0003,P0175,10,22
ST0003,P0597,24,18
ST0003,P0549,6,19
ST0003,P0330,79,20
ST0003,P0587,113,12
ST0003,P0508,54,19
ST0003,P0096,97,36
ST0003,P0528,138,22
ST0003,P0035,0,13
ST0004,P0247,212,14
ST0004,P0492,38,27
ST0004,P0448,187,39
ST0004,P0211,219,16
ST0004,P0217,197,38
ST0004,P0271,127,11
ST0004,P0260,88,28
ST0004,P0249,127,32
ST0004,P0501,169,35
ST0004,P0573,83,23
ST0004,P0238,164,23
ST0004,P0334,202,16
ST0004,P0196,64,12
ST0004,P0475,64,38
ST0004,P0112,164,39
ST0004,P0282,152,23
ST0004,P0442,233,20
ST0004,P0534,51,16
ST0004,P0479,0,29
ST0004,P0453,227,31
ST0004,P0309,61,25
ST0004,P0288,248,18
ST0004,P0037,77,13
ST0004,P0495,229,22
ST0004,P0300,124,23
ST0004,P0381,200,22
ST0004,P0588,200,17
ST0004,P0444,5,10
ST0004,P0101,86,31
ST0004,P0507,153,34
ST0004,P0363,11,28
ST0004,P0374,225,22
ST0004,P0067,104,36
ST0004,P0312,201,22
ST0004,P0413,220,12
ST0004,P0086,138,36
ST0004,P0553,51,21
ST0004,P0559,145,38
ST0004,P0551,220,28
ST0004,P0346,79,27
ST0004,P0578,221,30
ST0004,P0195,166,14
ST0004,P0156,119,16
ST0004,P0097,180,24
ST0004,P0525,19,32
ST0004,P0357,44,12
ST0004,P0375,38,11
ST0004,P0192,0,10
ST0004,P0400,73,10
ST0004,P0325,165,20
ST0004,P0310,1,38
ST0004,P0295,191,26
ST0004,P0171,47,11
ST0004,P0283,201,23
ST0004,P0265,17,39
ST0004,P0153,75,31
ST0004,P0406,58,21
ST0004,P0599,146,27
ST0004,P0595,9,36
ST0004,P0555,88,24
ST0004,P0583,127,11
ST0004,P0532,184,37
ST0004,P0116,198,18
ST0004,P0075,153,20
ST0004,P0596,166,24
ST0004,P0261,25,17
ST0004,P0427,23,29
ST0004,P0194,107,11
ST0004,P0169,81,19
ST0004,P0246,131,16
ST0004,P0021,65,24
ST0004,P0316,145,27
ST0004,P0209,239,36
ST0004,P0200,124,34
ST0004,P0225,246,29
ST0004,P0223,244,31
ST0004,P0025,81,13
ST0004,P0203,125,16
ST0004,P0593,100,23
ST0004,P0066,65,19
ST0005,P0599,125,19
ST0005,P0435,188,24
ST0005,P0374,16,29
ST0005,P0347,239,35
ST0005,P0215,180,32
ST0005,P0087,124,24
ST0005,P0254,231,21
ST0005,P0137,95,17
ST0005,P0053,5,22
ST0005,P0458,93,30
ST0005,P0216,237,34
ST0005,P0211,53,37
ST0005,P0338,33,27
ST0005,P0038,126,13
ST0005,P0380,207,33
ST0005,P0275,141,29
ST0005,P0123,39,19
ST0005,P0071,155,10
ST0005,P0055,221,30
ST0005,P0551,34,17
ST0005,P0456,151,39
ST0005,P0369,74,39
ST0005,P0383,71,32
ST0005,P0412,80,12
ST0005,P0593,120,36
ST0005,P0201,48,11
ST0005,P0040,144,21
ST0005,P0236,234,21
ST0005,P0569,35,39
ST0005,P0451,70,18
ST0005,P0229,182,24
ST0005,P0020,177,39
ST0005,P0250,208,16
ST0005,P0312,113,15
ST0005,P0277,190,35
ST0005,P0259,71,18
ST0005,P0226,0,23
ST0005,P0089,54,35
ST0005,P0124,104,30
ST0005,P0030,217,14
ST0005,P0044,33,33
ST0005,P0415,0,20
ST0005,P0584,100,16
ST0005,P0005,121,30
ST0005,P0212,140,17
ST0005,P0533,242,15
ST0005,P0416,185,22
ST0005,P0306,72,35
ST0005,P0266,126,34
ST0005,P0335,241,30
ST0005,P0455,8,12
ST0005,P0422,165,15
ST0005,P0545,115,18
ST0005,P0057,115,36
ST0005,P0433,122,34
ST0005,P0363,91,16
ST0005,P0045,37,26
ST0005,P0264,209,14
ST0005,P0333,41,26
ST0005,P0013,45,11
ST0005,P0518,19,29
ST0005,P0233,27,31
ST0005,P0198,240,28
ST0005,P0431,27,36
ST0005,P0028,109,24
ST0005,P0296,26,33
ST0005,P0595,77,12
ST0005,P0058,130,17
ST0005,P0007,201,22
ST0005,P0267,86,15
ST0005,P0244,79,32
ST0005,P0343,0,24
ST0005,P0234,154,20
ST0005,P0186,7,13
ST0005,P0026,230,22
ST0005,P0220,0,16
ST0005,P0249,158,36
ST0005,P0084,29,38
ST0005,P0481,210,17
ST0005,P0121,2,37
ST0006,P0026,165,22
ST0006,P0027,186,36
ST0006,P0408,233,16
ST0006,P0001,127,10
ST0006,P0256,0,14
ST0006,P0150,15,21
ST0006,P0007,17,14
ST0006,P0095,34,38
ST0006,P0204,152,39
ST0006,P0085,61,25
ST0006,P0296,14,17
ST0006,P0316,139,26
ST0006,P0389,0,14
ST0006,P0097,141,38
ST0006,P0211,58,19
ST0006,P0468,124,10
ST0006,P0123,48,33
ST0006,P0579,215,12
ST0006,P0074,189,22
ST0006,P0587,87,38
ST0006,P0030,99,34
ST0006,P0172,0,24
ST0006,P0493,0,32
ST0006,P0410,211,33
ST0006,P0561,203,33
ST0006,P0583,184,15
ST0006,P0580,220,14
ST0006,P0418,143,15
ST0006,P0061,241,32
ST0006,P0571,18,15
ST0006,P0243,55,36
ST0006,P0555,67,10
ST0006,P0236,182,18
ST0006,P0533,111,14
ST0006,P0251,45,38
ST0006,P0486,144,10
ST0006,P0208,83,24
ST0006,P0152,33,14
ST0006,P0446,10,10
ST0006,P0092,0,15
ST0006,P0295,187,28
ST0006,P0573,179,12
ST0006,P0448,63,34
ST0006,P0379,178,21
ST0006,P0322,68,32
ST0006,P0101,12,28
ST0006,P0189,192,29
ST0006,P0120,11,24
ST0006,P0323,149,26
ST0006,P0127,98,25
ST0006,P0017,78,30
ST0006,P0576,84,18
ST0006,P0461,38,13
ST0006,P0346,102,10
ST0006,P0028,196,11
ST0006,P0151,208,18
ST0006,P0568,0,29
ST0006,P0308,0,22
ST0006,P0248,131,38
ST0006,P0294,74,36
ST0006,P0496,70,21
ST0006,P0332,21,37
ST0006,P0250,1,29
ST0006,P0116,13,31
ST0006,P0328,135,23
ST0006,P0518,114,34
ST0006,P0232,0,19
ST0006,P0241,119,16
ST0006,P0226,0,11
ST0006,P0528,54,32
ST0006,P0063,44,24
ST0006,P0438,166,34
ST0006,P0170,72,30
ST0006,P0391,103,36
ST0006,P0149,25,27
ST0006,P0547,10,36
ST0006,P0312,5,39
ST0006,P0176,208,10
ST0006,P0592,158,33
ST0006,P0557,34,25
ST0007,P0505,33,18
ST0007,P0509,39,31
ST0007,P0463,246,37
ST0007,P0071,137,33
ST0007,P0199,147,39
ST0007,P0053,148,21
ST0007,P0474,175,37
ST0007,P0269,214,35
ST0007,P0519,68,36
ST0007,P0542,142,11
ST0007,P0459,0,20
ST0007,P0267,13,26
ST0007,P0045,149,39
ST0007,P0531,37,29
ST0007,P0047,114,18
ST0007,P0300,110,27
ST0007,P0574,193,17
ST0007,P0226,0,14
ST0007,P0185,131,33
ST0007,P0108,49,37
ST0007,P0086,222,16
ST0007,P0085,29,24
ST0007,P0317,56,11
ST0007,P0245,175,38
ST0007,P0009,156,16
ST0007,P0184,119,20
ST0007,P0408,129,13
ST0007,P0013,160,25
ST0007,P0414,190,20
ST0007,P0318,120,35
ST0007,P0421,79,12
ST0007,P0016,118,27
ST0007,P0397,155,14
ST0007,P0413,238,39
ST0007,P0485,0,27
ST0007,P0088,164,27
ST0007,P0157,0,33
ST0007,P0335,89,15
ST0007,P0468,173,23
ST0007,P0144,233,31
ST0007,P0084,169,31
ST0007,P0476,121,36
ST0007,P0164,31,18
ST0007,P0081,45,20
ST0007,P0385,29,26
ST0007,P0161,103,36
ST0007,P0416,22,35
ST0007,P0126,141,30
ST0007,P0543,58,33
ST0007,P0311,0,26
ST0007,P0577,190,14
ST0007,P0070,30,15
ST0007,P0079,104,21
ST0007,P0247,67,20
ST0007,P0210,82,11
ST0007,P0123,156,21
ST0007,P0181,77,22
ST0007,P0441,0,20
ST0007,P0500,163,38
ST0007,P0298,48,20
ST0007,P0466,85,31
ST0007,P0265,58,35
ST0007,P0568,0,23
ST0007,P0472,212,34
ST0007,P0095,228,37
ST0007,P0454,0,31
ST0007,P0535,227,22
ST0007,P0145,115,18
ST0007,P0230,51,20
ST0007,P0405,69,13
ST0007,P0277,76,34
ST0007,P0560,131,11
ST0007,P0158,10,35
ST0007,P0532,12,17
ST0007,P0148,146,23
ST0007,P0541,188,12
ST0007,P0428,177,39
ST0007,P0180,95,18
ST0007,P0130,67,34
ST0007,P0349,34,12
ST0008,P0345,32,38
ST0008,P0160,217,37
ST0008,P0295,129,15
ST0008,P0517,129,11
ST0008,P0245,47,18
ST0008,P0181,236,27
ST0008,P0266,57,25
ST0008,P0175,244,14
ST0008,P0403,152,37
ST0008,P0069,116,39
ST0008,P0541,67,19
ST0008,P0106,61,26
ST0008,P0485,0,22
ST0008,P0285,102,12
ST0008,P0144,76,28
ST0008,P0575,25,33
ST0008,P0344,158,22
ST0008,P0320,245,13
ST0008,P0526,34,28
ST0008,P0521,33,10
ST0008,P0241,33,28
ST0008,P0502,229,13
ST0008,P0503,74,27
ST0008,P0404,40,15
ST0008,P0150,61,35
ST0008,P0017,37,38
ST0008,P0308,0,32
ST0008,P0506,94,17
ST0008,P0421,193,24
ST0008,P0417,138,25
ST0008,P0128,129,22
ST0008,P0145,14,36
ST0008,P0439,245,38
ST0008,P0525,90,19
ST0008,P0200,73,11
ST0008,P0337,137,14
ST0008,P0277,184,25
ST0008,P0257,0,28
ST0008,P0352,171,36
ST0008,P0230,88,10
ST0008,P0537,8,27
ST0008,P0480,239,17
ST0008,P0573,10,11
ST0008,P0596,58,37
ST0008,P0194,228,33
ST0008,P0505,179,12
ST0008,P0462,174,17
ST0008,P0013,228,31
ST0008,P0068,94,29
ST0008,P0347,6,18
ST0008,P0195,199,21
ST0008,P0461,149,15
ST0008,P0515,10,15
ST0008,P0434,64,24
ST0008,P0538,108,36
ST0008,P0484,158,22
ST0008,P0532,84,17
ST0008,P0119,240,14
ST0008,P0550,161,38
ST0008,P0315,157,11
ST0008,P0238,216,30
ST0008,P0243,152,18
ST0008,P0406,109,10
ST0008,P0330,23,19
ST0008,P0286,237,23
ST0008,P0198,182,34
ST0008,P0376,26,18
ST0008,P0571,6,16
ST0008,P0100,116,19
ST0008,P0281,60,20
ST0008,P0255,0,20
ST0008,P0095,109,27
ST0008,P0167,234,11
ST0008,P0313,0,31
ST0008,P0430,168,39
ST0008,P0111,195,13
ST0008,P0166,7,29
ST0008,P0353,144,30
ST0008,P0259,152,32
ST0008,P0231,115,36
ST0009,P0578,5,22
ST0009,P0313,0,14
ST0009,P0236,164,32
ST0009,P0577,123,13
ST0009,P0589,147,25
ST0009,P0316,15,15
ST0009,P0223,113,35
ST0009,P0015,210,36
ST0009,P0219,218,20
ST0009,P0261,150,10
ST0009,P0425,211,18
ST0009,P0265,12,25
ST0009,P0535,103,32
ST0009,P0123,190,18
ST0009,P0343,0,17
ST0009,P0511,80,17
ST0009,P0045,75,32
ST0009,P0360,173,36
ST0009,P0047,208,29
ST0009,P0066,173,29
ST0009,P0172,0,24
ST0009,P0412,144,19
ST0009,P0410,237,28
ST0009,P0182,6,30
ST0009,P0405,5,20
ST0009,P0101,34,11
ST0009,P0262,73,17
ST0009,P0436,65,13
ST0009,P0346,14,28
ST0009,P0471,200,39
ST0009,P0162,212,27
ST0009,P0508,186,16
ST0009,P0030,82,29
ST0009,P0083,191,37
ST0009,P0154,162,31
ST0009,P0267,61,36
ST0009,P0583,26,23
ST0009,P0414,188,29
ST0009,P0169,187,15
ST0009,P0090,248,34
ST0009,P0370,116,11
ST0009,P0253,14,22
ST0009,P0339,84,23
ST0009,P0555,130,29
ST0009,P0359,0,19
ST0009,P0137,20,35
ST0009,P0189,163,17
ST0009,P0292,18,23
ST0009,P0224,181,18
ST0009,P0533,147,11
ST0009,P0017,234,13
ST0009,P0326,80,26
ST0009,P0260,165,31
ST0009,P0341,245,23
ST0009,P0500,46,12
ST0009,P0419,233,37
ST0009,P0202,167,24
ST0009,P0220,0,19
ST0009,P0138,47,11
ST0009,P0324,122,14
ST0009,P0112,22,34
ST0009,P0496,182,22
ST0009,P0499,4,15
ST0009,P0161,185,29
ST0009,P0059,224,33
ST0009,P0434,95,10
ST0009,P0071,47,28
ST0009,P0371,191,13
ST0009,P0191,24,21
ST0009,P0462,102,23
ST0009,P0243,78,33
ST0009,P0024,86,14
ST0009,P0333,4,22
ST0009,P0293,167,32
ST0009,P0295,68,27
ST0009,P0350,23,17
ST0009,P0133,217,35
ST0009,P0383,65,39
ST0009,P0587,22,10
ST0009,P0497,211,21
ST0010,P0451,103,20
ST0010,P0075,1,11
ST0010,P0039,182,15
ST0010,P0016,244,24
ST0010,P0047,195,35
ST0010,P0434,176,39
ST0010,P0533,239,37
ST0010,P0209,226,26
ST0010,P0359,0,32
ST0010,P0128,209,28
ST0010,P0002,5,35
ST0010,P0485,0,14
ST0010,P0392,87,23
ST0010,P0333,128,15
ST0010,P0043,36,11
ST0010,P0145,97,22
ST0010,P0144,249,28
ST0010,P0499,128,25
ST0010,P0132,39,18
ST0010,P0241,163,31
ST0010,P0107,35,36
ST0010,P0040,10,37
ST0010,P0523,204,25
ST0010,P0552,194,30
ST0010,P0111,123,28
ST0010,P0204,176,23
ST0010,P0335,69,37
ST0010,P0481,100,37
ST0010,P0311,0,27
ST0010,P0022,116,18
ST0010,P0594,0,15
ST0010,P0186,23,14
ST0010,P0347,44,25
ST0010,P0247,195,16
ST0010,P0379,191,33
ST0010,P0049,198,29
ST0010,P0381,34,39
ST0010,P0476,101,32
ST0010,P0203,118,25
ST0010,P0477,142,35
ST0010,P0108,3,27
ST0010,P0489,63,17
ST0010,P0395,63,27
ST0010,P0583,14,33
ST0010,P0321,90,37
ST0010,P0455,244,13
ST0010,P0052,229,37
ST0010,P0425,137,23
ST0010,P0401,198,25
ST0010,P0528,55,36
ST0010,P0184,51,24
ST0010,P0540,20,28
ST0010,P0008,164,22
ST0010,P0398,0,10
ST0010,P0197,247,13
ST0010,P0304,68,22
ST0010,P0515,131,24
ST0010,P0074,240,36
ST0010,P0354,116,32
ST0010,P0151,123,36
ST0010,P0500,27,32
ST0010,P0298,234,20
ST0010,P0076,17,13
ST0010,P0524,75,35
ST0010,P0226,0,17
ST0010,P0467,160,15
ST0010,P0418,34,15
ST0010,P0521,200,22
ST0010,P0263,139,28
ST0010,P0544,1,39
ST0010,P0582,244,30
ST0010,P0278,167,19
ST0010,P0316,155,17
ST0010,P0331,203,35
ST0010,P0162,240,34
ST0010,P0319,97,27
ST0010,P0318,6,29
ST0010,P0365,127,32
ST0010,P0300,62,13
ST0010,P0520,119,38
ST0011,P0290,56,29
ST0011,P0522,4,10
ST0011,P0072,249,28
ST0011,P0347,81,14
ST0011,P0477,43,29
ST0011,P0340,98,16
ST0011,P0525,6,21
ST0011,P0494,70,39
ST0011,P0593,25,29
ST0011,P0498,124,13
ST0011,P0549,136,27
ST0011,P0262,87,12
ST0011,P0481,212,27
ST0011,P0468,202,14
ST0011,P0293,116,17
ST0011,P0190,232,28
ST0011,P0159,157,25
ST0011,P0080,180,14
ST0011,P0404,98,19
ST0011,P0299,106,30
ST0011,P0236,0,39
ST0011,P0228,0,27
ST0011,P0013,119,33
ST0011,P0585,89,39
ST0011,P0397,87,17
ST0011,P0143,72,13
ST0011,P0451,135,27
ST0011,P0527,193,15
ST0011,P0222,102,15
ST0011,P0478,211,34
ST0011,P0111,13,21
ST0011,P0561,199,29
ST0011,P0400,149,17
ST0011,P0600,147,23
ST0011,P0116,0,26
ST0011,P0263,33,13
ST0011,P0487,127,17
ST0011,P0007,162,15
ST0011,P0281,11,28
ST0011,P0377,0,12
ST0011,P0194,204,34
ST0011,P0440,149,19
ST0011,P0060,22,20
ST0011,P0338,28,36
ST0011,P0466,141,10
ST0011,P0206,200,18
ST0011,P0113,230,18
ST0011,P0426,70,21
ST0011,P0552,108,27
ST0011,P0237,190,20
ST0011,P0225,94,14
ST0011,P0542,181,15
ST0011,P0408,101,35
ST0011,P0405,167,27
ST0011,P0597,172,27
ST0011,P0176,41,15
ST0011,P0398,0,24
ST0011,P0496,33,25
ST0011,P0050,47,33
ST0011,P0557,159,19
ST0011,P0271,90,38
ST0011,P0560,150,33
ST0011,P0302,65,32
ST0011,P0138,245,22
ST0011,P0064,76,26
ST0011,P0063,88,23
ST0011,P0501,190,14
ST0011,P0294,69,25
ST0011,P0537,228,34
ST0011,P0583,103,36
ST0011,P0191,110,31
ST0011,P0413,192,10
ST0011,P0037,134,19
ST0011,P0484,32,20
ST0011,P0374,59,35
ST0011,P0121,166,32
ST0011,P0189,126,36
ST0011,P0216,34,32
ST0011,P0248,21,11
ST0011,P0071,61,27
ST0012,P0145,21,35
ST0012,P0180,213,32
ST0012,P0212,162,34
ST0012,P0202,27,35
ST0012,P0557,112,22
ST0012,P0406,228,20
ST0012,P0143,50,36
ST0012,P0389,0,38
ST0012,P0553,118,25
ST0012,P0137,27,38
ST0012,P0547,194,14
ST0012,P0315,189,32
ST0012,P0027,156,19
ST0012,P0289,0,28
ST0012,P0346,68,27
ST0012,P0331,239,30
ST0012,P0340,174,22
ST0012,P0364,123,23
ST0012,P0064,83,30
ST0012,P0542,231,24
ST0012,P0096,77,18
ST0012,P0181,162,27
ST0012,P0190,168,34
ST0012,P0199,156,21
ST0012,P0577,190,32
ST0012,P0395,38,16
ST0012,P0474,145,34
ST0012,P0285,187,29
ST0012,P0222,41,22
ST0012,P0507,0,19
ST0012,P0388,129,13
ST0012,P0334,37,33
ST0012,P0144,53,14
ST0012,P0336,88,25
ST0012,P0252,75,22
ST0012,P0213,127,31
ST0012,P0023,195,21
ST0012,P0510,0,21
ST0012,P0554,229,35
ST0012,P0038,180,13
ST0012,P0497,224,29
ST0012,P0493,0,12
ST0012,P0311,0,28
ST0012,P0543,225,32
ST0012,P0555,43,36
ST0012,P0011,73,27
ST0012,P0095,197,37
ST0012,P0191,39,28
ST0012,P0271,185,26
ST0012,P0119,147,13
ST0012,P0223,224,24
ST0012,P0295,172,38
ST0012,P0397,114,19
ST0012,P0291,220,27
ST0012,P0339,59,32
ST0012,P0573,113,33
ST0012,P0235,57,16
ST0012,P0281,2,22
ST0012,P0329,230,33
ST0012,P0087,110,34
ST0012,P0021,128,29
ST0012,P0580,67,27
ST0012,P0262,36,26
ST0012,P0408,240,26
ST0012,P0019,78,25
ST0012,P0250,222,37
ST0012,P0598,169,15
ST0012,P0536,241,20
ST0012,P0592,23,14
ST0012,P0172,0,27
ST0012,P0446,241,11
ST0012,P0090,113,21
ST0012,P0069,219,23
ST0012,P0386,211,21
ST0012,P0244,204,30
ST0012,P0537,54,17
ST0012,P0374,6,13
ST0012,P0033,45,36
ST0012,P0134,11,17
ST0012,P0110,180,39
ST0013,P0142,44,31
ST0013,P0019,217,24
ST0013,P0415,0,28
ST0013,P0058,170,21
ST0013,P0441,0,28
ST0013,P0584,103,16
ST0013,P0203,213,29
ST0013,P0467,127,20
ST0013,P0557,156,28
ST0013,P0101,70,22
ST0013,P0589,37,32
ST0013,P0399,3,26
ST0013,P0369,46,29
ST0013,P0503,131,25
ST0013,P0433,17,10
ST0013,P0308,0,36
ST0013,P0046,102,24
ST0013,P0387,35,16
ST0013,P0565,204,15
ST0013,P0210,147,13
ST0013,P0017,78,19
ST0013,P0375,215,32
ST0013,P0367,168,14
ST0013,P0417,130,29
ST0013,P0229,27,23
ST0013,P0493,0,14
ST0013,P0297,59,17
ST0013,P0160,231,22
ST0013,P0462,248,37
ST0013,P0115,247,37
ST0013,P0523,180,31
ST0013,P0552,171,21
ST0013,P0416,141,22
ST0013,P0480,150,38
ST0013,P0526,186,31
ST0013,P0437,1,29
ST0013,P0536,110,33
ST0013,P0177,187,33
ST0013,P0236,74,13
ST0013,P0193,221,10
ST0013,P0083,216,32
ST0013,P0563,126,11
ST0013,P0344,198,26
ST0013,P0321,127,25
ST0013,P0122,76,17
ST0013,P0176,82,39
ST0013,P0249,218,23
ST0013,P0491,87,17
ST0013,P0435,92,12
ST0013,P0245,179,17
ST0013,P0169,134,17
ST0013,P0272,216,21
ST0013,P0097,100,36
ST0013,P0598,26,19
ST0013,P0355,66,19
ST0013,P0431,187,36
ST0013,P0259,85,37
ST0013,P0317,168,32
ST0013,P0398,0,25
ST0013,P0547,197,20
ST0013,P0255,0,22
ST0013,P0510,0,34
ST0013,P0535,12,25
ST0013,P0218,134,28
ST0013,P0020,6,33
ST0013,P0391,115,26
ST0013,P0513,46,39
ST0013,P0143,9,12
ST0013,P0315,72,31
ST0013,P0108,190,31
ST0013,P0095,38,10
ST0013,P0213,107,12
ST0013,P0471,51,24
ST0013,P0448,139,19
ST0013,P0219,39,11
ST0013,P0596,29,34
ST0013,P0544,131,11
ST0013,P0561,215,33
ST0013,P0028,70,16
ST0013,P0285,191,27
ST0014,P0202,200,36
ST0014,P0069,205,25
ST0014,P0085,40,15
ST0014,P0137,156,24
ST0014,P0274,187,16
ST0014,P0060,115,22
ST0014,P0372,145,36
ST0014,P0160,2,35
ST0014,P0486,90,12
ST0014,P0555,164,25
ST0014,P0087,98,39
ST0014,P0188,14,32
ST0014,P0122,225,29
ST0014,P0046,152,14
ST0014,P0512,126,25
ST0014,P0600,125,19
ST0014,P0111,190,18
ST0014,P0532,37,25
ST0014,P0235,186,11
ST0014,P0317,132,19
ST0014,P0436,160,21
ST0014,P0286,122,17
ST0014,P0409,109,37
ST0014,P0489,150,26
ST0014,P0287,103,19
ST0014,P0249,44,38
ST0014,P0540,72,17
ST0014,P0145,243,20
ST0014,P0544,208,22
ST0014,P0587,23,20
ST0014,P0582,19,37
ST0014,P0043,77,24
ST0014,P0574,155,38
ST0014,P0190,11,31
ST0014,P0423,207,11
ST0014,P0170,190,19
ST0014,P0017,127,19
ST0014,P0585,29,39
ST0014,P0142,29,27
ST0014,P0126,0,20
ST0014,P0073,0,34
ST0014,P0391,8,35
ST0014,P0534,129,29
ST0014,P0165,199,24
ST0014,P0216,186,37
ST0014,P0554,234,34
ST0014,P0327,208,25
ST0014,P0219,139,24
ST0014,P0418,212,32
ST0014,P0469,185,35
ST0014,P0500,156,16
ST0014,P0597,125,24
ST0014,P0292,179,31
ST0014,P0518,11,31
ST0014,P0262,105,27
ST0014,P0242,176,28
ST0014,P0580,40,25
ST0014,P0539,113,12
ST0014,P0021,10,11
ST0014,P0093,78,34
ST0014,P0182,34,33
ST0014,P0006,152,24
ST0014,P0360,207,35
ST0014,P0404,241,39
ST0014,P0549,36,16
ST0014,P0063,234,37
ST0014,P0593,173,20
ST0014,P0331,131,30
ST0014,P0328,111,10
ST0014,P0545,104,28
ST0014,P0279,233,17
ST0014,P0313,0,15
ST0014,P0229,53,20
ST0014,P0407,240,19
ST0014,P0289,0,20
ST0014,P0465,182,19
ST0014,P0295,173,12
ST0014,P0515,103,32
ST0014,P0431,17,10
ST0014,P0248,164,38
ST0015,P0121,30,24
ST0015,P0504,206,21
ST0015,P0212,114,38
ST0015,P0485,0,37
ST0015,P0032,179,26
ST0015,P0547,146,30
ST0015,P0382,103,16
ST0015,P0129,78,13
ST0015,P0249,228,24
ST0015,P0423,57,12
ST0015,P0151,127,25
ST0015,P0378,165,22
ST0015,P0446,209,37
ST0015,P0343,0,36
ST0015,P0326,55,25
ST0015,P0090,38,17
ST0015,P0087,193,32
ST0015,P0108,110,23
ST0015,P0597,211,31
ST0015,P0432,175,39
ST0015,P0215,22,33
ST0015,P0229,143,26
ST0015,P0181,123,14
ST0015,P0169,29,15
ST0015,P0445,45,10
ST0015,P0379,189,22
ST0015,P0319,207,28
ST0015,P0261,227,19
ST0015,P0168,197,26
ST0015,P0175,16,38
ST0015,P0483,4,10
ST0015,P0523,62,15
ST0015,P0073,0,15
ST0015,P0521,195,30
ST0015,P0128,196,31
ST0015,P0356,18,33
ST0015,P0552,192,34
ST0015,P0191,170,26
ST0015,P0119,165,20
ST0015,P0490,238,24
ST0015,P0359,0,22
ST0015,P0476,62,30
ST0015,P0594,0,31
ST0015,P0487,242,21
ST0015,P0451,186,34
ST0015,P0015,38,18
ST0015,P0461,101,31
ST0015,P0125,81,12
ST0015,P0556,40,29
ST0015,P0558,217,11
ST0015,P0270,118,10
ST0015,P0346,96,33
ST0015,P0274,34,13
ST0015,P0406,246,23
ST0015,P0007,161,11
ST0015,P0155,54,34
ST0015,P0389,0,38
ST0015,P0477,12,36
ST0015,P0549,15,12
ST0015,P0070,58,15
ST0015,P0589,118,27
ST0015,P0062,60,33
ST0015,P0074,9,12
ST0015,P0354,84,27
ST0015,P0528,236,19
ST0015,P0596,2,31
ST0015,P0452,85,32
ST0015,P0101,228,27
ST0015,P0089,136,37
ST0015,P0133,40,30
ST0015,P0582,77,35
ST0015,P0031,206,20
ST0015,P0276,101,39
ST0015,P0367,84,20
ST0015,P0474,13,19
ST0015,P0153,184,20
ST0015,P0491,190,18
ST0015,P0236,169,29
ST0015,P0078,134,37
ST0015,P0005,117,33
ST0016,P0307,143,25
ST0016,P0449,36,18
ST0016,P0394,23,28
ST0016,P0568,0,29
ST0016,P0579,147,33
ST0016,P0288,156,21
ST0016,P0154,237,21
ST0016,P0531,228,24
ST0016,P0499,37,10
ST0016,P0355,78,25
ST0016,P0174,132,28
ST0016,P0285,15,20
ST0016,P0437,202,21
ST0016,P0445,116,26
ST0016,P0227,202,38
ST0016,P0283,27,38
ST0016,P0448,56,38
ST0016,P0031,215,21
ST0016,P0563,121,35
ST0016,P0380,193,16
ST0016,P0005,123,15
ST0016,P0330,36,29
ST0016,P0134,108,31
ST0016,P0476,210,14
ST0016,P0315,65,36
ST0016,P0523,30,11
ST0016,P0243,210,23
ST0016,P0097,154,12
ST0016,P0442,90,21
ST0016,P0508,20,11
ST0016,P0034,226,29
ST0016,P0594,0,25
ST0016,P0287,24,21
ST0016,P0298,139,31
ST0016,P0333,25,38
ST0016,P0379,210,21
ST0016,P0391,147,31
ST0016,P0143,106,24
ST0016,P0057,147,29
ST0016,P0267,21,14
ST0016,P0368,51,20
ST0016,P0482,231,13
ST0016,P0229,40,15
ST0016,P0522,1,21
ST0016,P0459,0,28
ST0016,P0111,23,17
ST0016,P0067,37,37
ST0016,P0073,0,21
ST0016,P0268,100,16
ST0016,P0022,171,22
ST0016,P0306,65,35
ST0016,P0133,234,14
ST0016,P0096,113,24
ST0016,P0147,176,16
ST0016,P0158,232,28
ST0016,P0117,234,10
ST0016,P0216,55,14
ST0016,P0597,196,39
ST0016,P0338,149,18
ST0016,P0042,152,15
ST0016,P0438,118,18
ST0016,P0570,221,14
ST0016,P0383,74,33
ST0016,P0358,32,23
ST0016,P0406,219,28
ST0016,P0360,209,10
ST0016,P0486,150,32
ST0016,P0501,131,12
ST0016,P0257,0,38
ST0016,P0351,137,23
ST0016,P0103,13,29
ST0016,P0408,41,31
ST0016,P0496,247,10
ST0016,P0145,175,39
ST0016,P0560,76,21
ST0016,P0376,51,31
ST0016,P0266,249,19
ST0016,P0129,56,19
ST0016,P0578,234,36
ST0016,P0192,0,10
ST0017,P0176,151,35
ST0017,P0195,15,21
ST0017,P0088,145,15
ST0017,P0588,18,18
ST0017,P0245,75,37
ST0017,P0025,136,12
ST0017,P0391,165,38
ST0017,P0478,238,12
ST0017,P0045,72,33
ST0017,P0008,245,26
ST0017,P0577,143,35
ST0017,P0132,225,17
ST0017,P0229,242,34
ST0017,P0018,108,16
ST0017,P0354,196,19
ST0017,P0415,0,19
ST0017,P0174,139,33
ST0017,P0552,167,10
ST0017,P0221,213,16
ST0017,P0236,161,25
ST0017,P0464,126,15
ST0017,P0534,4,26
ST0017,P0185,18,22
ST0017,P0443,129,23
ST0017,P0522,63,28
ST0017,P0209,141,28
ST0017,P0540,41,14
ST0017,P0027,126,11
ST0017,P0180,229,14
ST0017,P0023,227,31
ST0017,P0058,197,26
ST0017,P0094,183,11
ST0017,P0557,134,35
ST0017,P0041,74,34
ST0017,P0431,144,24
ST0017,P0438,0,18
ST0017,P0524,59,10
ST0017,P0547,10,24
ST0017,P0066,126,31
ST0017,P0268,148,25
ST0017,P0114,109,36
ST0017,P0042,94,14
ST0017,P0444,93,30
ST0017,P0321,249,19
ST0017,P0194,223,14
ST0017,P0126,185,30
ST0017,P0089,157,12
ST0017,P0140,170,11
ST0017,P0416,144,35
ST0017,P0215,111,20
ST0017,P0361,185,19
ST0017,P0144,140,27
ST0017,P0539,24,23
ST0017,P0291,89,21
ST0017,P0502,109,36
ST0017,P0575,235,14
ST0017,P0405,36,39
ST0017,P0341,206,17
ST0017,P0196,95,17
ST0017,P0476,121,24
ST0017,P0232,0,36
ST0017,P0021,15,17
ST0017,P0531,7,31
ST0017,P0005,187,33
ST0017,P0578,3,26
ST0017,P0392,144,25
ST0017,P0409,170,32
ST0017,P0122,116,38
ST0017,P0498,30,38
ST0017,P0216,87,28
ST0017,P0082,158,22
ST0017,P0147,206,24
ST0017,P0486,124,39
ST0017,P0052,43,14
ST0017,P0532,197,35
ST0017,P0450,81,21
ST0017,P0017,25,20
ST0017,P0521,83,38
ST0017,P0400,93,28
ST0017,P0458,211,32
ST0018,P0516,173,31
ST0018,P0114,3,36
ST0018,P0594,0,22
ST0018,P0551,101,38
ST0018,P0293,31,24
ST0018,P0397,232,17
ST0018,P0330,170,37
ST0018,P0208,150,30
ST0018,P0052,62,13
ST0018,P0079,162,10
ST0018,P0103,204,34
ST0018,P0154,91,15
ST0018,P0349,63,20
ST0018,P0482,190,34
ST0018,P0553,164,27
ST0018,P0017,162,27
ST0018,P0054,100,27
ST0018,P0503,92,20
ST0018,P0417,93,33
ST0018,P0409,36,11
ST0018,P0371,204,32
ST0018,P0541,113,28
ST0018,P0530,62,16
ST0018,P0331,29,29
ST0018,P0200,166,26
ST0018,P0341,168,31
ST0018,P0391,20,25
ST0018,P0359,0,19
ST0018,P0329,100,17
ST0018,P0531,162,37
ST0018,P0378,153,10
ST0018,P0127,208,38
ST0018,P0394,245,36
ST0018,P0015,143,11
ST0018,P0518,90,23
ST0018,P0473,164,29
ST0018,P0281,203,21
ST0018,P0569,0,14
ST0018,P0426,67,35
ST0018,P0420,54,18
ST0018,P0345,212,20
ST0018,P0545,219,13
ST0018,P0132,136,31
ST0018,P0072,198,13
ST0018,P0322,147,29
ST0018,P0351,86,20
ST0018,P0253,61,12
ST0018,P0589,96,28
ST0018,P0469,200,11
ST0018,P0468,239,31
ST0018,P0579,32,37
ST0018,P0027,75,31
ST0018,P0550,69,24
ST0018,P0513,179,11
ST0018,P0521,15,30
ST0018,P0201,211,23
ST0018,P0438,86,29
ST0018,P0476,68,24
ST0018,P0151,181,10
ST0018,P0010,193,27
ST0018,P0533,110,19
ST0018,P0485,0,12
ST0018,P0142,164,31
ST0018,P0070,70,34
ST0018,P0481,60,10
ST0018,P0213,24,28
ST0018,P0453,135,28
ST0018,P0086,164,31
ST0018,P0344,184,30
ST0018,P0517,2,27
ST0018,P0176,112,37
ST0018,P0270,219,39
ST0018,P0415,0,25
ST0018,P0525,227,20
ST0018,P0266,245,11
ST0018,P0335,117,18
ST0018,P0130,97,16
ST0018,P0242,55,37
ST0018,P0406,230,21
ST0018,P0556,180,31
ST0019,P0400,99,15
ST0019,P0296,194,22
ST0019,P0027,233,15
ST0019,P0103,136,33
ST0019,P0054,135,11
ST0019,P0361,132,32
ST0019,P0593,199,18
ST0019,P0560,218,31
ST0019,P0417,134,19
ST0019,P0589,97,28
ST0019,P0155,79,31
ST0019,P0152,104,19
ST0019,P0129,63,11
ST0019,P0079,63,29
ST0019,P0491,143,27
ST0019,P0075,175,30
ST0019,P0450,207,32
ST0019,P0250,171,38
ST0019,P0263,120,15
ST0019,P0588,76,14
ST0019,P0069,165,16
ST0019,P0272,77,15
ST0019,P0128,124,27
ST0019,P0171,192,13
ST0019,P0231,191,27
ST0019,P0035,0,28
ST0019,P0379,73,25
ST0019,P0175,126,23
ST0019,P0059,210,35
ST0019,P0077,168,19
ST0019,P0224,73,22
ST0019,P0501,145,13
ST0019,P0302,183,12
ST0019,P0431,240,16
ST0019,P0110,185,19
ST0019,P0521,63,10
ST0019,P0172,0,10
ST0019,P0484,100,16
ST0019,P0253,15,29
ST0019,P0163,49,19
ST0019,P0554,79,11
ST0019,P0064,144,37
ST0019,P0475,16,37
ST0019,P0474,26,14
ST0019,P0041,249,12
ST0019,P0440,115,19
ST0019,P0011,5,27
ST0019,P0146,95,14
ST0019,P0285,53,11
ST0019,P0162,5,18
ST0019,P0244,238,21
ST0019,P0217,240,31
ST0019,P0340,213,28
ST0019,P0057,194,30
ST0019,P0350,214,37
ST0019,P0186,45,11
ST0019,P0301,7,32
ST0019,P0300,64,19
ST0019,P0052,89,29
ST0019,P0157,0,10
ST0019,P0545,60,19
ST0019,P0182,201,34
ST0019,P0432,244,23
ST0019,P0114,91,11
ST0019,P0093,76,11
ST0019,P0410,20,15
ST0019,P0372,247,29
ST0019,P0473,131,13
ST0019,P0453,43,12
ST0019,P0567,190,39
ST0019,P0084,177,11
ST0019,P0210,143,33
ST0019,P0298,64,19
ST0019,P0201,60,26
ST0019,P0546,197,26
ST0019,P0498,28,34
ST0019,P0509,106,22
ST0019,P0178,45,36
ST0019,P0549,223,14
ST0019,P0462,16,39
ST0020,P0100,204,17
ST0020,P0257,0,18
ST0020,P0010,190,26
ST0020,P0194,26,30
ST0020,P0294,60,27
ST0020,P0226,0,38
ST0020,P0031,66,18
ST0020,P0382,95,28
ST0020,P0369,51,27
ST0020,P0517,134,26
ST0020,P0209,127,26
ST0020,P0152,158,25
ST0020,P0295,73,17
ST0020,P0325,151,12
ST0020,P0320,180,37
ST0020,P0042,109,30
ST0020,P0013,243,34
ST0020,P0550,90,10
ST0020,P0528,175,30
ST0020,P0018,16,21
ST0020,P0559,148,11
ST0020,P0193,167,23
ST0020,P0215,46,29
ST0020,P0086,236,12
ST0020,P0393,146,19
ST0020,P0346,217,15
ST0020,P0128,63,14
ST0020,P0486,242,11
ST0020,P0174,70,34
ST0020,P0321,57,24
ST0020,P0041,118,39
ST0020,P0355,189,24
ST0020,P0338,84,33
ST0020,P0575,113,19
ST0020,P0523,193,20
ST0020,P0072,11,35
ST0020,P0025,113,10
ST0020,P0360,185,24
ST0020,P0560,180,36
ST0020,P0232,0,15
ST0020,P0280,157,36
ST0020,P0461,233,24
ST0020,P0381,11,19
ST0020,P0273,205,29
ST0020,P0069,124,31
ST0020,P0115,193,16
ST0020,P0162,188,35
ST0020,P0108,230,31
ST0020,P0526,134,22
ST0020,P0441,0,38
ST0020,P0586,100,30
ST0020,P0242,223,26
ST0020,P0017,204,35
ST0020,P0184,62,11
ST0020,P0063,64,36
ST0020,P0404,16,37
ST0020,P0478,2,16
ST0020,P0379,115,26
ST0020,P0595,172,30
ST0020,P0200,61,12
ST0020,P0106,4,35
ST0020,P0525,248,17
ST0020,P0173,49,37
ST0020,P0178,127,21
ST0020,P0157,0,20
ST0020,P0268,170,21
ST0020,P0081,89,35
ST0020,P0019,223,29
ST0020,P0498,66,32
ST0020,P0438,106,17
ST0020,P0056,175,31
ST0020,P0585,132,21
ST0020,P0094,232,26
ST0020,P0500,192,30
ST0020,P0123,158,30
ST0020,P0580,205,12
ST0020,P0493,0,17
ST0020,P0367,170,17
ST0020,P0275,58,31
ST0020,P0145,102,25
ST0021,P0312,99,20
ST0021,P0131,109,25
ST0021,P0155,212,35
ST0021,P0471,46,37
ST0021,P0389,0,15
ST0021,P0245,58,14
ST0021,P0219,142,34
ST0021,P0236,217,34
ST0021,P0121,244,36
ST0021,P0239,190,35
ST0021,P0238,100,22
ST0021,P0315,194,20
ST0021,P0032,93,20
ST0021,P0223,3,35
ST0021,P0327,64,11
ST0021,P0361,95,20
ST0021,P0593,34,27
ST0021,P0291,169,32
ST0021,P0300,242,32
ST0021,P0196,163,18
ST0021,P0381,131,34
ST0021,P0582,175,30
ST0021,P0116,204,31
ST0021,P0369,94,21
ST0021,P0341,118,35
ST0021,P0537,22,13
ST0021,P0517,65,18
ST0021,P0015,76,39
ST0021,P0011,171,29
ST0021,P0379,62,18
ST0021,P0446,37,23
ST0021,P0034,47,35
ST0021,P0080,157,23
ST0021,P0190,109,23
ST0021,P0311,0,33
ST0021,P0328,104,30
ST0021,P0573,50,35
ST0021,P0600,13,15
ST0021,P0009,75,30
ST0021,P0490,80,38
ST0021,P0551,108,12
ST0021,P0303,127,20
ST0021,P0443,92,29
ST0021,P0295,242,27
ST0021,P0227,159,20
ST0021,P0440,83,14
ST0021,P0143,130,15
ST0021,P0118,0,27
ST0021,P0412,233,39
ST0021,P0117,229,23
ST0021,P0307,214,17
ST0021,P0272,43,21
ST0021,P0197,48,12
ST0021,P0191,182,22
ST0021,P0120,106,39
ST0021,P0580,75,35
ST0021,P0265,82,31
ST0021,P0092,0,29
ST0021,P0305,201,34
ST0021,P0301,49,38
ST0021,P0250,10,36
ST0021,P0115,1,12
ST0021,P0314,245,30
ST0021,P0041,154,36
ST0021,P0448,86,36
ST0021,P0535,220,37
ST0021,P0255,0,30
ST0021,P0342,0,33
ST0021,P0047,156,15
ST0021,P0473,2,34
ST0021,P0053,115,25
ST0021,P0282,138,28
ST0021,P0057,169,17
ST0021,P0180,16,21
ST0021,P0393,16,22
ST0021,P0358,74,34
ST0021,P0538,56,20
ST0021,P0414,27,31
ST0021,P0163,193,33
ST0021,P0040,197,20
ST0022,P0397,86,19
ST0022,P0259,50,27
ST0022,P0589,198,26
ST0022,P0049,101,37
ST0022,P0120,89,16
ST0022,P0394,186,19
ST0022,P0155,43,21
ST0022,P0498,102,34
ST0022,P0146,52,24
ST0022,P0371,204,29
ST0022,P0561,167,31
ST0022,P0288,73,13
ST0022,P0274,104,13
ST0022,P0215,163,24
ST0022,P0003,226,38
ST0022,P0126,239,32
ST0022,P0294,55,33
ST0022,P0249,59,34
ST0022,P0420,172,37
ST0022,P0353,36,22
ST0022,P0222,6,37
ST0022,P0496,111,17
ST0022,P0189,158,14
ST0022,P0504,159,15
ST0022,P0431,110,23
ST0022,P0474,72,36
ST0022,P0533,105,10
ST0022,P0057,212,15
ST0022,P0333,69,12
ST0022,P0491,131,18
ST0022,P0485,0,14
ST0022,P0366,171,15
ST0022,P0121,147,13
ST0022,P0123,4,14
ST0022,P0258,40,31
ST0022,P0584,144,12
ST0022,P0106,21,17
ST0022,P0017,228,18
ST0022,P0369,161,38
ST0022,P0280,223,39
ST0022,P0253,245,17
ST0022,P0117,157,25
ST0022,P0283,157,34
ST0022,P0365,110,39
ST0022,P0421,139,20
ST0022,P0045,64,38
ST0022,P0243,177,13
ST0022,P0219,176,15
ST0022,P0527,237,36
ST0022,P0412,24,37
ST0022,P0493,0,27
ST0022,P0260,28,28
ST0022,P0182,189,14
ST0022,P0073,0,14
ST0022,P0256,0,33
ST0022,P0006,232,11
ST0022,P0334,210,20
ST0022,P0469,137,37
ST0022,P0293,167,20
ST0022,P0479,0,15
ST0022,P0084,241,29
ST0022,P0532,221,34
ST0022,P0133,183,20
ST0022,P0486,178,15
ST0022,P0502,228,27
ST0022,P0162,182,28
ST0022,P0472,3,15
ST0022,P0251,73,28
ST0022,P0346,42,39
ST0022,P0508,136,37
ST0022,P0039,96,39
ST0022,P0540,42,38
ST0022,P0183,221,19
ST0022,P0467,7,17
ST0022,P0204,246,12
ST0022,P0338,26,17
ST0022,P0156,185,33
ST0022,P0551,168,25
ST0022,P0330,157,20
ST0022,P0165,83,30
ST0023,P0100,147,30
ST0023,P0435,230,23
ST0023,P0593,154,31
ST0023,P0501,20,34
ST0023,P0140,24,34
ST0023,P0232,0,32
ST0023,P0452,56,31
ST0023,P0157,0,11
ST0023,P0108,48,19
ST0023,P0320,241,34
ST0023,P0219,130,17
ST0023,P0215,194,14
ST0023,P0225,159,11
ST0023,P0381,103,28
ST0023,P0311,0,12
ST0023,P0357,74,23
ST0023,P0070,192,31
ST0023,P0168,112,35
ST0023,P0436,209,12
ST0023,P0276,240,18
ST0023,P0152,32,10
ST0023,P0148,24,14
ST0023,P0233,153,35
ST0023,P0463,122,23
ST0023,P0548,28,15
ST0023,P0566,248,23
ST0023,P0590,135,36
ST0023,P0440,88,23
ST0023,P0132,79,39
ST0023,P0298,90,25
ST0023,P0081,78,33
ST0023,P0041,118,20
ST0023,P0339,112,13
ST0023,P0031,198,27
ST0023,P0024,104,36
ST0023,P0418,152,22
ST0023,P0282,108,38
ST0023,P0283,224,10
ST0023,P0013,140,16
ST0023,P0470,79,28
ST0023,P0503,55,21
ST0023,P0299,129,36
ST0023,P0302,161,24
ST0023,P0060,237,19
ST0023,P0500,209,25
ST0023,P0101,136,21
ST0023,P0089,63,31
ST0023,P0516,165,25
ST0023,P0131,15,14
ST0023,P0573,27,17
ST0023,P0080,210,10
ST0023,P0061,49,34
ST0023,P0035,0,30
ST0023,P0519,209,25
ST0023,P0527,5,32
ST0023,P0308,0,17
ST0023,P0056,221,11
ST0023,P0145,64,15
ST0023,P0173,46,16
ST0023,P0392,90,19
ST0023,P0130,99,24
ST0023,P0227,178,16
ST0023,P0201,102,27
ST0023,P0053,135,13
ST0023,P0580,201,21
ST0023,P0312,148,10
ST0023,P0331,62,20
ST0023,P0161,180,11
ST0023,P0169,66,11
ST0023,P0445,223,38
ST0023,P0536,137,33
ST0023,P0408,180,39
ST0023,P0124,27,12
ST0023,P0104,192,37
ST0023,P0472,106,16
ST0023,P0235,218,33
ST0023,P0165,88,36
ST0023,P0533,164,38
ST0023,P0526,73,32
ST0023,P0574,197,16
ST0024,P0197,57,12
ST0024,P0438,58,10
ST0024,P0600,224,30
ST0024,P0457,108,14
ST0024,P0458,31,26
ST0024,P0050,44,28
ST0024,P0059,104,19
ST0024,P0378,94,25
ST0024,P0174,95,38
ST0024,P0598,85,11
ST0024,P0571,65,36
ST0024,P0012,0,24
ST0024,P0023,19,31
ST0024,P0052,78,30
ST0024,P0472,100,18
ST0024,P0084,215,21
ST0024,P0437,87,37
ST0024,P0223,45,36
ST0024,P0444,77,30
ST0024,P0048,157,10
ST0024,P0383,241,15
ST0024,P0081,2,17
ST0024,P0527,172,24
ST0024,P0273,235,11
ST0024,P0370,125,20
ST0024,P0181,16,33
ST0024,P0294,38,17
ST0024,P0474,18,20
ST0024,P0502,98,19
ST0024,P0330,99,23
ST0024,P0051,108,33
ST0024,P0159,84,27
ST0024,P0455,169,32
ST0024,P0100,167,22
ST0024,P0335,177,17
ST0024,P0203,122,37
ST0024,P0267,118,36
ST0024,P0258,40,12
ST0024,P0117,78,34
ST0024,P0207,216,22
ST0024,P0108,156,21
ST0024,P0519,10,27
ST0024,P0169,196,20
ST0024,P0298,159,18
ST0024,P0093,69,30
ST0024,P0460,60,11
ST0024,P0446,241,15
ST0024,P0434,177,25
ST0024,P0545,186,32
ST0024,P0049,122,29
ST0024,P0435,235,25
ST0024,P0078,19,11
ST0024,P0518,174,34
ST0024,P0007,183,30
ST0024,P0341,70,22
ST0024,P0162,48,11
ST0024,P0500,94,12
ST0024,P0540,23,31
ST0024,P0551,204,29
ST0024,P0123,162,38
ST0024,P0470,111,15
ST0024,P0071,217,20
ST0024,P0308,0,30
ST0024,P0315,165,13
ST0024,P0556,172,23
ST0024,P0045,3,30
ST0024,P0521,172,22
ST0024,P0293,94,26
ST0024,P0336,180,28
ST0024,P0146,91,31
ST0024,P0268,157,27
ST0024,P0517,155,24
ST0024,P0035,0,34
ST0024,P0032,86,17
ST0024,P0393,76,32
ST0024,P0225,108,13
ST0024,P0126,208,22
ST0024,P0404,208,20
ST0024,P0264,68,19
ST0024,P0426,11,19
ST0025,P0069,147,32
ST0025,P0307,47,23
ST0025,P0352,213,15
ST0025,P0595,192,15
ST0025,P0192,0,33
ST0025,P0250,102,12
ST0025,P0329,93,38
ST0025,P0507,152,26
ST0025,P0391,82,30
ST0025,P0546,20,19
ST0025,P0463,108,23
ST0025,P0253,140,25
ST0025,P0171,21,24
ST0025,P0350,134,27
ST0025,P0306,109,13
ST0025,P0019,45,24
ST0025,P0326,6,25
ST0025,P0020,167,18
ST0025,P0023,130,13
ST0025,P0308,0,10
ST0025,P0242,38,15
ST0025,P0438,162,33
ST0025,P0088,228,12
ST0025,P0234,218,12
ST0025,P0231,73,17
ST0025,P0073,0,20
ST0025,P0370,67,17
ST0025,P0593,68,22
ST0025,P0526,38,36
ST0025,P0175,214,30
ST0025,P0280,86,32
ST0025,P0369,226,11
ST0025,P0026,63,13
ST0025,P0524,41,17
ST0025,P0067,2,36
ST0025,P0156,40,25
ST0025,P0109,213,31
ST0025,P0587,21,16
ST0025,P0190,149,37
ST0025,P0427,206,23
ST0025,P0195,170,31
ST0025,P0155,209,22
ST0025,P0225,241,28
ST0025,P0159,97,27
ST0025,P0063,221,10
ST0025,P0050,142,25
ST0025,P0375,100,27
ST0025,P0435,190,11
ST0025,P0404,59,32
ST0025,P0074,208,11
ST0025,P0485,0,18
ST0025,P0407,104,16
ST0025,P0399,68,25
ST0025,P0338,107,28
ST0025,P0354,75,31
ST0025,P0233,98,35
ST0025,P0589,221,12
ST0025,P0434,52,25
ST0025,P0288,160,24
ST0025,P0289,0,20
ST0025,P0275,116,18
ST0025,P0264,54,18
ST0025,P0319,20,28
ST0025,P0548,114,23
ST0025,P0244,45,18
ST0025,P0343,0,28
ST0025,P0433,11,36
ST0025,P0600,51,34
ST0025,P0076,38,21
ST0025,P0472,209,14
ST0025,P0035,0,30
ST0025,P0422,211,26
ST0025,P0416,216,29
ST0025,P0423,12,15
ST0025,P0415,0,13
ST0025,P0287,76,14
ST0025,P0202,188,30
ST0025,P0246,83,16
ST0025,P0597,237,19
ST0025,P0183,152,30
ST0026,P0563,142,35
ST0026,P0481,205,35
ST0026,P0164,210,18
ST0026,P0456,178,12
ST0026,P0133,133,36
ST0026,P0144,187,29
ST0026,P0561,56,22
ST0026,P0395,93,18
ST0026,P0357,141,31
ST0026,P0567,187,23
ST0026,P0464,242,15
ST0026,P0151,201,38
ST0026,P0551,74,30
ST0026,P0345,86,25
ST0026,P0346,84,16
ST0026,P0585,150,14
ST0026,P0339,116,10
ST0026,P0246,167,25
ST0026,P0383,179,35
ST0026,P0256,0,36
ST0026,P0365,67,18
ST0026,P0111,15,12
ST0026,P0273,58,31
ST0026,P0271,7,12
ST0026,P0401,171,32
ST0026,P0295,52,10
ST0026,P0546,138,15
ST0026,P0087,101,21
ST0026,P0457,15,12
ST0026,P0221,93,23
ST0026,P0521,128,31
ST0026,P0453,177,39
ST0026,P0224,69,32
ST0026,P0405,57,12
ST0026,P0550,53,10
ST0026,P0222,244,27
ST0026,P0363,200,16
ST0026,P0323,41,10
ST0026,P0299,228,18
ST0026,P0193,143,38
ST0026,P0307,173,16
ST0026,P0235,212,14
ST0026,P0436,186,17
ST0026,P0203,54,11
ST0026,P0137,85,12
ST0026,P0056,62,26
ST0026,P0124,134,12
ST0026,P0507,89,22
ST0026,P0381,175,30
ST0026,P0160,11,29
ST0026,P0421,123,38
ST0026,P0052,129,12
ST0026,P0322,172,37
ST0026,P0211,45,17
ST0026,P0492,141,23
ST0026,P0388,119,26
ST0026,P0328,105,37
ST0026,P0022,137,38
ST0026,P0270,139,23
ST0026,P0315,13,30
ST0026,P0431,26,30
ST0026,P0508,176,29
ST0026,P0276,161,16
ST0026,P0410,112,12
ST0026,P0263,166,34
ST0026,P0393,240,26
ST0026,P0338,0,26
ST0026,P0275,93,22
ST0026,P0571,47,24
ST0026,P0415,0,14
ST0026,P0102,38,10
ST0026,P0094,46,10
ST0026,P0011,169,33
ST0026,P0332,190,21
ST0026,P0580,137,27
ST0026,P0122,190,38
ST0026,P0088,139,11
ST0026,P0402,195,39
ST0026,P0283,52,20
ST0026,P0121,147,17
ST0027,P0400,63,28
ST0027,P0452,205,34
ST0027,P0252,80,32
ST0027,P0205,26,27
ST0027,P0414,70,10
ST0027,P0577,226,17
ST0027,P0265,5,31
ST0027,P0433,214,10
ST0027,P0411,36,13
ST0027,P0276,86,26
ST0027,P0362,57,17
ST0027,P0021,198,38
ST0027,P0490,102,10
ST0027,P0591,75,19
ST0027,P0513,77,24
ST0027,P0212,55,30
ST0027,P0551,11,20
ST0027,P0070,195,32
ST0027,P0082,248,31
ST0027,P0442,47,13
ST0027,P0069,197,11
ST0027,P0430,80,17
ST0027,P0346,19,18
ST0027,P0213,224,18
ST0027,P0211,81,34
ST0027,P0534,26,25
ST0027,P0403,10,24
ST0027,P0371,102,22
ST0027,P0271,216,36
ST0027,P0304,36,18
ST0027,P0222,105,11
ST0027,P0355,208,26
ST0027,P0408,107,21
ST0027,P0123,30,31
ST0027,P0131,207,30
ST0027,P0080,135,13
ST0027,P0413,134,19
ST0027,P0094,6,14
ST0027,P0092,0,24
ST0027,P0395,74,12
ST0027,P0177,114,19
ST0027,P0038,25,19
ST0027,P0529,48,28
ST0027,P0226,0,27
ST0027,P0076,130,38
ST0027,P0028,180,22
ST0027,P0360,237,37
ST0027,P0193,156,15
ST0027,P0379,64,13
ST0027,P0209,130,39
ST0027,P0215,132,20
ST0027,P0417,145,39
ST0027,P0005,159,39
ST0027,P0239,122,34
ST0027,P0286,179,35
ST0027,P0547,65,13
ST0027,P0106,234,30
ST0027,P0210,143,15
ST0027,P0120,212,10
ST0027,P0337,125,31
ST0027,P0086,62,20
ST0027,P0124,96,26
ST0027,P0492,167,18
ST0027,P0494,249,30
ST0027,P0565,116,37
ST0027,P0245,122,25
ST0027,P0451,91,18
ST0027,P0412,105,19
ST0027,P0392,50,11
ST0027,P0237,85,10
ST0027,P0499,138,16
ST0027,P0495,198,37
ST0027,P0045,186,38
ST0027,P0571,189,36
ST0027,P0329,218,11
ST0027,P0096,119,38
ST0027,P0223,61,31
ST0027,P0439,70,35
ST0027,P0515,27,25
ST0027,P0064,64,22
ST0028,P0494,122,20
ST0028,P0203,227,14
ST0028,P0042,156,14
ST0028,P0592,83,16
ST0028,P0163,119,28
ST0028,P0059,126,18
ST0028,P0409,59,36
ST0028,P0349,108,12
ST0028,P0330,104,37
ST0028,P0342,0,25
ST0028,P0348,154,12
ST0028,P0146,199,34
ST0028,P0260,25,36
ST0028,P0159,213,27
ST0028,P0233,32,37
ST0028,P0395,238,20
ST0028,P0598,43,22
ST0028,P0165,69,10
ST0028,P0219,76,32
ST0028,P0542,247,14
ST0028,P0464,17,28
ST0028,P0138,78,21
ST0028,P0547,18,23
ST0028,P0134,79,36
ST0028,P0497,18,12
ST0028,P0446,183,20
ST0028,P0269,91,39
ST0028,P0470,10,18
ST0028,P0193,212,28
ST0028,P0499,38,24
ST0028,P0325,32,33
ST0028,P0549,127,19
ST0028,P0422,184,19
ST0028,P0450,96,18
ST0028,P0485,0,35
ST0028,P0476,247,29
ST0028,P0384,14,27
ST0028,P0188,176,15
ST0028,P0412,181,29
ST0028,P0129,82,33
ST0028,P0531,90,24
ST0028,P0381,132,24
ST0028,P0515,162,36
ST0028,P0548,117,22
ST0028,P0032,14,39
ST0028,P0220,0,18
ST0028,P0447,166,26
ST0028,P0226,0,32
ST0028,P0179,10,19
ST0028,P0047,183,11
ST0028,P0563,63,33
ST0028,P0225,154,13
ST0028,P0481,78,25
ST0028,P0327,68,17
ST0028,P0584,87,21
ST0028,P0501,243,17
ST0028,P0507,33,21
ST0028,P0083,4,36
ST0028,P0589,193,10
ST0028,P0491,105,14
ST0028,P0202,191,38
ST0028,P0566,179,29
ST0028,P0462,130,10
ST0028,P0076,246,25
ST0028,P0524,235,17
ST0028,P0046,4,21
ST0028,P0142,135,36
ST0028,P0356,60,24
ST0028,P0554,21,14
ST0028,P0125,14,28
ST0028,P0280,82,15
ST0028,P0052,240,22
ST0028,P0415,0,16
ST0028,P0474,71,34
ST0028,P0512,100,35
ST0028,P0212,33,27
ST0028,P0420,239,26
ST0028,P0143,170,20
ST0028,P0307,0,15
ST0028,P0343,0,14
ST0029,P0485,0,33
ST0029,P0502,225,39
ST0029,P0487,70,24
ST0029,P0304,241,26
ST0029,P0306,116,16
ST0029,P0136,249,23
ST0029,P0121,236,19
ST0029,P0108,39,29
ST0029,P0242,96,19
ST0029,P0403,61,25
ST0029,P0088,195,37
ST0029,P0323,122,15
ST0029,P0330,136,23
ST0029,P0571,204,14
ST0029,P0369,159,19
ST0029,P0114,222,18
ST0029,P0287,60,15
ST0029,P0588,193,34
ST0029,P0132,74,19
ST0029,P0350,170,32
ST0029,P0479,0,37
ST0029,P0265,81,31
ST0029,P0344,65,37
ST0029,P0245,119,10
ST0029,P0573,181,18
ST0029,P0458,232,14
ST0029,P0418,220,28
ST0029,P0507,194,13
ST0029,P0347,29,35
ST0029,P0149,28,10
ST0029,P0461,96,12
ST0029,P0429,44,31
ST0029,P0395,82,36
ST0029,P0229,148,19
ST0029,P0522,148,18
ST0029,P0178,87,14
ST0029,P0075,78,36
ST0029,P0511,121,10
ST0029,P0321,220,20
ST0029,P0181,79,24
ST0029,P0248,81,18
ST0029,P0594,0,24
ST0029,P0346,100,31
ST0029,P0583,71,21
ST0029,P0183,72,22
ST0029,P0240,245,30
ST0029,P0169,187,39
ST0029,P0533,65,38
ST0029,P0508,44,29
ST0029,P0241,151,29
ST0029,P0471,129,33
ST0029,P0095,54,32
ST0029,P0002,207,21
ST0029,P0286,198,26
ST0029,P0049,214,39
ST0029,P0295,99,19
ST0029,P0272,128,22
ST0029,P0156,119,35
ST0029,P0433,204,31
ST0029,P0391,69,13
ST0029,P0367,95,22
ST0029,P0359,0,14
ST0029,P0273,94,21
ST0029,P0170,186,37
ST0029,P0190,153,36
ST0029,P0585,105,33
ST0029,P0264,156,14
ST0029,P0591,146,23
ST0029,P0163,224,36
ST0029,P0291,232,38
ST0029,P0358,72,14
ST0029,P0138,239,31
ST0029,P0465,72,29
ST0029,P0441,0,19
ST0029,P0080,162,23
ST0029,P0158,122,28
ST0029,P0476,83,28
ST0029,P0577,165,38
ST0029,P0019,143,34
ST0029,P0077,83,15
ST0030,P0011,216,16
ST0030,P0255,0,15
ST0030,P0043,8,21
ST0030,P0376,207,23
ST0030,P0009,234,20
ST0030,P0004,186,33
ST0030,P0099,172,33
ST0030,P0182,113,23
ST0030,P0396,115,17
ST0030,P0382,78,35
ST0030,P0409,240,11
ST0030,P0171,93,37
ST0030,P0191,85,14
ST0030,P0400,235,29
ST0030,P0524,73,37
ST0030,P0242,33,19
ST0030,P0139,209,33
ST0030,P0552,44,19
ST0030,P0341,104,24
ST0030,P0091,127,20
ST0030,P0539,187,17
ST0030,P0368,204,16
ST0030,P0284,143,12
ST0030,P0006,17,12
ST0030,P0413,61,35
ST0030,P0571,190,14
ST0030,P0302,21,10
ST0030,P0150,49,31
ST0030,P0557,36,15
ST0030,P0591,163,24
ST0030,P0214,37,20
ST0030,P0356,116,37
ST0030,P0488,104,32
ST0030,P0370,141,20
ST0030,P0536,87,15
ST0030,P0325,64,17
ST0030,P0152,110,14
ST0030,P0481,156,19
ST0030,P0576,29,19
ST0030,P0565,231,38
ST0030,P0197,99,28
ST0030,P0149,174,12
ST0030,P0435,88,21
ST0030,P0117,15,32
ST0030,P0543,188,25
ST0030,P0375,149,33
ST0030,P0364,124,31
ST0030,P0392,239,38
ST0030,P0134,215,16
ST0030,P0562,233,10
ST0030,P0126,46,27
ST0030,P0433,5,16
ST0030,P0054,177,31
ST0030,P0467,211,28
ST0030,P0107,223,23
ST0030,P0186,207,22
ST0030,P0181,70,19
ST0030,P0428,244,36
ST0030,P0526,187,13
ST0030,P0598,5,31
ST0030,P0062,43,16
ST0030,P0067,226,30
ST0030,P0338,150,12
ST0030,P0504,78,13
ST0030,P0555,142,35
ST0030,P0111,233,17
ST0030,P0491,79,24
ST0030,P0100,16,19
ST0030,P0040,105,33
ST0030,P0587,79,33
ST0030,P0041,152,17
ST0030,P0253,159,11
ST0030,P0079,104,27
ST0030,P0176,99,28
ST0030,P0102,219,29
ST0030,P0309,79,17
ST0030,P0256,0,30
ST0030,P0165,14,22
ST0030,P0146,181,19
ST0030,P0345,198,30
ST0031,P0160,152,10
ST0031,P0446,82,19
ST0031,P0063,47,39
ST0031,P0205,7,14
ST0031,P0539,165,15
ST0031,P0077,189,26
ST0031,P0573,110,19
ST0031,P0588,113,15
ST0031,P0329,248,25
ST0031,P0460,38,38
ST0031,P0525,67,29
ST0031,P0045,0,18
ST0031,P0010,66,12
ST0031,P0562,0,37
ST0031,P0515,96,35
ST0031,P0244,19,15
ST0031,P0437,230,26
ST0031,P0512,3,39
ST0031,P0211,33,22
ST0031,P0347,111,37
ST0031,P0074,137,22
ST0031,P0549,235,12
ST0031,P0356,234,20
ST0031,P0593,87,13
ST0031,P0313,0,16
ST0031,P0452,143,35
ST0031,P0529,121,36
ST0031,P0225,48,27
ST0031,P0350,232,28
ST0031,P0385,68,12
ST0031,P0274,173,30
ST0031,P0527,100,16
ST0031,P0378,16,16
ST0031,P0447,91,12
ST0031,P0164,116,23
ST0031,P0395,97,25
ST0031,P0060,121,20
ST0031,P0360,151,11
ST0031,P0489,162,11
ST0031,P0289,0,23
ST0031,P0501,191,14
ST0031,P0127,232,27
ST0031,P0008,170,31
ST0031,P0296,72,37
ST0031,P0418,175,37
ST0031,P0257,0,29
ST0031,P0423,186,19
ST0031,P0400,97,20
ST0031,P0170,56,21
ST0031,P0288,163,38
ST0031,P0262,122,39
ST0031,P0459,0,35
ST0031,P0278,168,23
ST0031,P0392,192,34
ST0031,P0592,232,37
ST0031,P0443,135,25
ST0031,P0301,187,26
ST0031,P0139,171,15
ST0031,P0383,201,25
ST0031,P0467,197,12
ST0031,P0390,234,22
ST0031,P0285,177,12
ST0031,P0038,238,38
ST0031,P0584,157,11
ST0031,P0251,125,38
ST0031,P0436,37,28
ST0031,P0379,126,14
ST0031,P0102,41,18
ST0031,P0520,80,27
ST0031,P0363,188,18
ST0031,P0492,186,25
ST0031,P0112,247,23
ST0031,P0413,225,16
ST0031,P0090,207,11
ST0031,P0134,105,21
ST0031,P0137,99,15
ST0031,P0341,85,34
ST0031,P0495,177,36
ST0031,P0005,143,24
ST0031,P0453,52,15
ST0032,P0592,197,30
ST0032,P0517,171,39
ST0032,P0467,142,33
ST0032,P0596,71,39
ST0032,P0081,47,12
ST0032,P0474,231,15
ST0032,P0252,185,15
ST0032,P0444,150,14
ST0032,P0037,157,25
ST0032,P0119,18,23
ST0032,P0547,40,28
ST0032,P0424,152,28
ST0032,P0529,176,39
ST0032,P0359,0,27
ST0032,P0165,63,26
ST0032,P0266,77,25
ST0032,P0372,113,22
ST0032,P0257,0,16
ST0032,P0598,45,20
ST0032,P0248,59,26
ST0032,P0309,163,29
ST0032,P0336,9,36
ST0032,P0013,14,38
ST0032,P0357,112,24
ST0032,P0149,78,12
ST0032,P0476,70,39
ST0032,P0385,194,28
ST0032,P0188,131,21
ST0032,P0126,102,39
ST0032,P0137,173,31
ST0032,P0297,65,31
ST0032,P0275,54,12
ST0032,P0080,83,32
ST0032,P0229,239,30
ST0032,P0315,133,16
ST0032,P0201,83,23
ST0032,P0209,164,36
ST0032,P0102,47,24
ST0032,P0180,88,28
ST0032,P0420,7,32
ST0032,P0573,183,19
ST0032,P0254,16,35
ST0032,P0339,0,23
ST0032,P0559,241,23
ST0032,P0330,166,14
ST0032,P0301,172,30
ST0032,P0455,123,28
ST0032,P0112,150,29
ST0032,P0403,196,28
ST0032,P0587,120,37
ST0032,P0236,80,23
ST0032,P0153,65,27
ST0032,P0106,51,35
ST0032,P0317,83,35
ST0032,P0440,93,32
ST0032,P0375,106,12
ST0032,P0337,237,29
ST0032,P0186,172,26
ST0032,P0454,0,38
ST0032,P0560,140,29
ST0032,P0241,130,21
ST0032,P0115,202,25
ST0032,P0488,26,20
ST0032,P0291,30,12
ST0032,P0599,94,18
ST0032,P0006,12,26
ST0032,P0348,38,25
ST0032,P0519,152,12
ST0032,P0364,220,33
ST0032,P0590,211,19
ST0032,P0244,2,34
ST0032,P0258,100,19
ST0032,P0520,98,16
ST0032,P0521,191,39
ST0032,P0475,6,17
ST0032,P0189,3,10
ST0032,P0548,86,31
ST0032,P0594,0,36
ST0032,P0142,133,15
ST0032,P0436,33,35
ST0033,P0394,141,31
ST0033,P0319,39,32
ST0033,P0389,0,28
ST0033,P0352,64,27
ST0033,P0557,59,25
ST0033,P0137,41,10
ST0033,P0129,209,27
ST0033,P0270,61,23
ST0033,P0237,77,19
ST0033,P0337,148,32
ST0033,P0047,191,15
ST0033,P0455,14,38
ST0033,P0386,235,19
ST0033,P0419,150,22
ST0033,P0084,53,22
ST0033,P0548,156,36
ST0033,P0183,9,39
ST0033,P0254,116,26
ST0033,P0302,60,39
ST0033,P0553,210,31
ST0033,P0324,237,12
ST0033,P0005,84,16
ST0033,P0069,44,38
ST0033,P0535,42,14
ST0033,P0312,1,34
ST0033,P0146,196,18
ST0033,P0202,85,21
ST0033,P0284,212,20
ST0033,P0456,0,36
ST0033,P0435,29,29
ST0033,P0513,241,37
ST0033,P0111,84,23
ST0033,P0491,32,28
ST0033,P0070,227,34
ST0033,P0048,41,19
ST0033,P0519,63,31
ST0033,P0219,13,34
ST0033,P0054,234,35
ST0033,P0540,236,32
ST0033,P0539,162,20
ST0033,P0095,236,37
ST0033,P0489,23,37
ST0033,P0581,240,38
ST0033,P0256,0,25
ST0033,P0363,160,29
ST0033,P0406,177,34
ST0033,P0306,65,18
ST0033,P0168,215,10
ST0033,P0365,144,33
ST0033,P0359,0,30
ST0033,P0523,51,39
ST0033,P0586,108,30
ST0033,P0593,156,15
ST0033,P0052,83,36
ST0033,P0169,23,11
ST0033,P0467,114,36
ST0033,P0147,173,10
ST0033,P0239,61,11
ST0033,P0537,237,30
ST0033,P0053,71,20
ST0033,P0598,143,17
ST0033,P0222,22,17
ST0033,P0013,184,29
ST0033,P0245,25,15
ST0033,P0452,137,14
ST0033,P0322,245,16
ST0033,P0179,163,14
ST0033,P0283,197,36
ST0033,P0191,119,21
ST0033,P0295,146,22
ST0033,P0496,194,31
ST0033,P0475,97,22
ST0033,P0445,76,37
ST0033,P0152,57,29
ST0033,P0297,143,37
ST0033,P0433,109,13
ST0033,P0055,180,39
ST0033,P0140,72,20
ST0033,P0369,33,33
ST0033,P0101,122,21
ST0034,P0156,245,15
ST0034,P0104,97,16
ST0034,P0570,136,33
ST0034,P0550,48,13
ST0034,P0094,121,37
ST0034,P0362,245,16
ST0034,P0590,229,16
ST0034,P0247,101,39
ST0034,P0367,82,22
ST0034,P0286,117,38
ST0034,P0565,87,32
ST0034,P0514,235,10
ST0034,P0345,50,10
ST0034,P0212,52,30
ST0034,P0455,144,12
ST0034,P0053,73,33
ST0034,P0343,0,13
ST0034,P0236,61,22
ST0034,P0255,0,17
ST0034,P0074,167,36
ST0034,P0079,207,31
ST0034,P0007,107,29
ST0034,P0073,0,12
ST0034,P0220,0,21
ST0034,P0446,109,21
ST0034,P0003,85,25
ST0034,P0230,100,11
ST0034,P0063,122,18
ST0034,P0222,40,31
ST0034,P0207,173,20
ST0034,P0229,81,27
ST0034,P0339,163,11
ST0034,P0294,33,15
ST0034,P0135,208,17
ST0034,P0235,88,33
ST0034,P0259,87,30
ST0034,P0415,0,38
ST0034,P0388,81,37
ST0034,P0439,130,20
ST0034,P0250,237,37
ST0034,P0476,247,27
ST0034,P0382,18,14
ST0034,P0009,172,34
ST0034,P0473,155,35
ST0034,P0034,10,36
ST0034,P0215,207,27
ST0034,P0121,12,13
ST0034,P0553,242,10
ST0034,P0043,180,14
ST0034,P0289,0,14
ST0034,P0458,83,19
ST0034,P0091,235,26
ST0034,P0251,173,14
ST0034,P0587,245,33
ST0034,P0267,171,25
ST0034,P0404,192,29
ST0034,P0066,188,30
ST0034,P0422,199,16
ST0034,P0374,47,15
ST0034,P0208,123,15
ST0034,P0226,0,13
ST0034,P0416,77,34
ST0034,P0597,22,37
ST0034,P0396,14,36
ST0034,P0524,229,23
ST0034,P0379,215,33
ST0034,P0285,198,15
ST0034,P0180,0,24
ST0034,P0340,76,27
ST0034,P0295,177,39
ST0034,P0163,51,19
ST0034,P0246,65,38
ST0034,P0093,5,18
ST0034,P0239,123,30
ST0034,P0518,161,32
ST0034,P0290,7,20
ST0034,P0588,125,23
ST0034,P0293,205,39
ST0034,P0253,148,30
ST0034,P0499,206,32
ST0035,P0544,82,15
ST0035,P0244,110,29
ST0035,P0171,101,24
ST0035,P0387,50,36
ST0035,P0500,49,21
ST0035,P0182,61,16
ST0035,P0495,182,29
ST0035,P0563,174,28
ST0035,P0246,211,14
ST0035,P0554,31,38
ST0035,P0293,201,37
ST0035,P0117,201,39
ST0035,P0167,78,20
ST0035,P0256,0,11
ST0035,P0371,248,19
ST0035,P0240,111,11
ST0035,P0192,0,18
ST0035,P0431,6,10
ST0035,P0004,111,10
ST0035,P0207,58,37
ST0035,P0132,59,21
ST0035,P0351,192,38
ST0035,P0056,82,31
ST0035,P0146,57,32
ST0035,P0315,141,17
ST0035,P0291,248,13
ST0035,P0585,55,20
ST0035,P0546,220,34
ST0035,P0116,139,33
ST0035,P0496,20,29
ST0035,P0439,132,13
ST0035,P0230,247,10
ST0035,P0427,207,34
ST0035,P0040,197,27
ST0035,P0191,111,29
ST0035,P0545,199,37
ST0035,P0074,22,26
ST0035,P0152,143,17
ST0035,P0484,106,34
ST0035,P0388,207,37
ST0035,P0176,189,38
ST0035,P0579,69,28
ST0035,P0234,193,10
ST0035,P0590,179,34
ST0035,P0328,179,33
ST0035,P0070,198,21
ST0035,P0133,4,23
ST0035,P0344,55,16
ST0035,P0013,122,28
ST0035,P0465,49,18
ST0035,P0507,232,17
ST0035,P0194,30,35
ST0035,P0397,119,17
ST0035,P0447,146,26
ST0035,P0108,177,21
ST0035,P0112,200,13
ST0035,P0197,97,12
ST0035,P0035,0,24
ST0035,P0494,85,39
ST0035,P0464,234,17
ST0035,P0428,185,38
ST0035,P0410,100,32
ST0035,P0062,212,32
ST0035,P0141,195,20
ST0035,P0214,181,34
ST0035,P0342,0,30
ST0035,P0131,128,39
ST0035,P0581,139,32
ST0035,P0320,169,29
ST0035,P0429,107,12
ST0035,P0369,195,34
ST0035,P0008,143,36
ST0035,P0066,244,11
ST0035,P0556,89,31
ST0035,P0467,179,27
ST0035,P0472,220,34
ST0035,P0308,0,19
ST0035,P0435,214,14
ST0035,P0096,20,31
ST0035,P0103,167,31
ST0036,P0414,19,13
ST0036,P0050,234,31
ST0036,P0168,176,16
ST0036,P0523,131,30
ST0036,P0346,241,39
ST0036,P0558,236,17
ST0036,P0494,226,38
ST0036,P0379,96,22
ST0036,P0021,4,27
ST0036,P0015,47,18
ST0036,P0565,7,34
ST0036,P0156,64,16
ST0036,P0117,200,22
ST0036,P0455,31,33
ST0036,P0592,226,29
ST0036,P0391,214,19
ST0036,P0355,154,31
ST0036,P0481,105,31
ST0036,P0223,88,24
ST0036,P0229,92,26
ST0036,P0218,165,20
ST0036,P0135,81,15
ST0036,P0501,152,28
ST0036,P0071,201,23
ST0036,P0310,202,12
ST0036,P0207,162,30
ST0036,P0539,90,31
ST0036,P0548,108,15
ST0036,P0017,172,22
ST0036,P0327,97,15
ST0036,P0351,174,32
ST0036,P0243,240,13
ST0036,P0598,133,19
ST0036,P0066,170,17
ST0036,P0554,98,24
ST0036,P0359,0,30
ST0036,P0069,201,34
ST0036,P0497,0,18
ST0036,P0410,156,22
ST0036,P0053,240,24
ST0036,P0009,223,33
ST0036,P0393,242,38
ST0036,P0013,37,38
ST0036,P0246,52,16
ST0036,P0567,248,34
ST0036,P0328,223,32
ST0036,P0095,216,37
ST0036,P0103,70,35
ST0036,P0460,239,32
ST0036,P0028,135,30
ST0036,P0068,234,21
ST0036,P0472,131,22
ST0036,P0098,218,38
ST0036,P0384,208,32
ST0036,P0337,144,26
ST0036,P0372,115,28
ST0036,P0235,96,14
ST0036,P0443,165,10
ST0036,P0579,170,27
ST0036,P0385,133,37
ST0036,P0285,132,31
ST0036,P0192,0,31
ST0036,P0303,106,37
ST0036,P0162,55,31
ST0036,P0452,9,25
ST0036,P0186,57,33
ST0036,P0004,41,39
ST0036,P0401,108,34
ST0036,P0122,214,27
ST0036,P0195,31,38
ST0036,P0274,187,16
ST0036,P0468,75,27
ST0036,P0336,233,13
ST0036,P0483,198,25
ST0036,P0191,164,25
ST0036,P0210,248,39
ST0036,P0248,23,36
ST0036,P0256,0,32
ST0036,P0517,143,10
ST0036,P0284,163,12
ST0037,P0192,0,37
ST0037,P0414,140,29
ST0037,P0117,103,25
ST0037,P0374,243,38
ST0037,P0082,92,14
ST0037,P0394,219,34
ST0037,P0525,220,36
ST0037,P0219,229,39
ST0037,P0094,189,37
ST0037,P0098,171,22
ST0037,P0441,0,19
ST0037,P0021,145,19
ST0037,P0512,45,26
ST0037,P0500,106,23
ST0037,P0040,29,34
ST0037,P0582,89,35
ST0037,P0006,177,17
ST0037,P0490,117,39
ST0037,P0446,203,32
ST0037,P0474,182,30
ST0037,P0118,0,11
ST0037,P0224,79,31
ST0037,P0288,48,22
ST0037,P0566,183,34
ST0037,P0340,59,34
ST0037,P0140,73,23
ST0037,P0163,202,21
ST0037,P0168,184,32
ST0037,P0054,108,14
ST0037,P0260,42,38
ST0037,P0563,179,14
ST0037,P0243,11,12
ST0037,P0426,192,36
ST0037,P0327,219,22
ST0037,P0334,211,37
ST0037,P0151,111,23
ST0037,P0002,242,20
ST0037,P0590,151,30
ST0037,P0202,232,34
ST0037,P0218,206,24
ST0037,P0076,86,14
ST0037,P0109,229,17
ST0037,P0174,40,14
ST0037,P0600,67,26
ST0037,P0127,49,20
ST0037,P0048,108,21
ST0037,P0535,237,27
ST0037,P0384,46,19
ST0037,P0381,76,33
ST0037,P0341,201,33
ST0037,P0395,94,35
ST0037,P0197,244,22
ST0037,P0044,25,35
ST0037,P0516,29,35
ST0037,P0149,248,36
ST0037,P0133,40,18
ST0037,P0396,64,18
ST0037,P0319,93,22
ST0037,P0357,66,23
ST0037,P0579,89,22
ST0037,P0408,227,32
ST0037,P0313,0,13
ST0037,P0402,117,12
ST0037,P0257,0,30
ST0037,P0495,192,29
ST0037,P0075,146,28
ST0037,P0279,10,13
ST0037,P0284,244,34
ST0037,P0185,28,29
ST0037,P0491,22,33
ST0037,P0501,144,29
ST0037,P0250,134,35
ST0037,P0326,212,25
ST0037,P0372,48,14
ST0037,P0036,86,12
ST0037,P0022,56,19
ST0037,P0113,77,15
ST0037,P0122,154,19
ST0037,P0489,163,19
ST0037,P0276,26,26
ST0038,P0103,58,11
ST0038,P0170,248,31
ST0038,P0515,30,35
ST0038,P0257,0,30
ST0038,P0384,145,13
ST0038,P0460,55,25
ST0038,P0230,194,38
ST0038,P0381,130,19
ST0038,P0569,207,29
ST0038,P0434,245,15
ST0038,P0200,149,12
ST0038,P0436,134,34
ST0038,P0218,207,21
ST0038,P0152,218,31
ST0038,P0420,134,20
ST0038,P0467,168,39
ST0038,P0447,85,20
ST0038,P0275,151,15
ST0038,P0297,200,31
ST0038,P0344,64,18
ST0038,P0036,32,27
ST0038,P0372,205,38
ST0038,P0463,178,17
ST0038,P0405,13,36
ST0038,P0346,243,35
ST0038,P0175,240,19
ST0038,P0506,74,38
ST0038,P0120,141,33
ST0038,P0289,0,37
ST0038,P0536,184,16
ST0038,P0431,91,11
ST0038,P0004,2,35
ST0038,P0233,35,21
ST0038,P0507,84,30
ST0038,P0184,75,13
ST0038,P0577,180,11
ST0038,P0439,226,15
ST0038,P0186,125,17
ST0038,P0573,135,16
ST0038,P0448,177,24
ST0038,P0469,242,25
ST0038,P0526,120,24
ST0038,P0061,206,20
ST0038,P0562,178,13
ST0038,P0202,23,27
ST0038,P0174,198,19
ST0038,P0234,70,36
ST0038,P0481,129,13
ST0038,P0034,120,39
ST0038,P0553,188,19
ST0038,P0466,212,22
ST0038,P0068,171,22
ST0038,P0317,198,19
ST0038,P0287,29,27
ST0038,P0176,97,12
ST0038,P0365,204,30
ST0038,P0227,106,32
ST0038,P0260,218,36
ST0038,P0475,159,38
ST0038,P0110,67,18
ST0038,P0356,109,33
ST0038,P0426,99,30
ST0038,P0139,130,29
ST0038,P0243,22,28
ST0038,P0450,39,26
ST0038,P0016,151,11
ST0038,P0330,155,14
ST0038,P0221,180,12
ST0038,P0048,69,34
ST0038,P0323,176,14
ST0038,P0367,246,21
ST0038,P0579,235,13
ST0038,P0493,0,18
ST0038,P0248,196,29
ST0038,P0418,33,34
ST0038,P0258,232,25
ST0038,P0395,122,37
ST0038,P0282,184,28
ST0038,P0427,85,18
ST0038,P0362,86,18
ST0039,P0332,168,21
ST0039,P0428,153,15
ST0039,P0178,9,19
ST0039,P0496,25,31
ST0039,P0242,85,29
ST0039,P0039,162,15
ST0039,P0372,108,12
ST0039,P0255,0,39
ST0039,P0570,243,32
ST0039,P0281,188,39
ST0039,P0162,33,21
ST0039,P0264,2,28
ST0039,P0102,157,17
ST0039,P0073,0,39
ST0039,P0174,64,24
ST0039,P0136,122,20
ST0039,P0590,88,22
ST0039,P0211,108,30
ST0039,P0254,84,28
ST0039,P0415,0,26
ST0039,P0490,103,16
ST0039,P0532,33,12
ST0039,P0190,141,32
ST0039,P0367,116,12
ST0039,P0244,57,22
ST0039,P0161,162,28
ST0039,P0025,57,29
ST0039,P0082,12,22
ST0039,P0057,174,38
ST0039,P0165,179,13
ST0039,P0324,86,23
ST0039,P0446,240,34
ST0039,P0274,115,30
ST0039,P0202,189,20
ST0039,P0013,246,15
ST0039,P0287,9,23
ST0039,P0533,34,34
ST0039,P0300,175,18
ST0039,P0499,205,23
ST0039,P0093,163,13
ST0039,P0189,106,18
ST0039,P0419,61,13
ST0039,P0454,0,27
ST0039,P0465,44,26
ST0039,P0354,58,13
ST0039,P0586,204,24
ST0039,P0059,181,17
ST0039,P0409,132,24
ST0039,P0253,155,37
ST0039,P0268,172,23
ST0039,P0556,172,34
ST0039,P0374,144,10
ST0039,P0494,28,36
ST0039,P0001,243,39
ST0039,P0256,0,32
ST0039,P0196,209,31
ST0039,P0473,82,34
ST0039,P0065,120,14
ST0039,P0450,27,12
ST0039,P0502,28,33
ST0039,P0112,17,36
ST0039,P0107,114,36
ST0039,P0140,109,15
ST0039,P0427,187,37
ST0039,P0250,239,33
ST0039,P0215,115,13
ST0039,P0294,166,22
ST0039,P0453,229,37
ST0039,P0276,13,33
ST0039,P0396,239,24
ST0039,P0341,28,26
ST0039,P0464,126,11
ST0039,P0588,150,33
ST0039,P0340,90,27
ST0039,P0199,73,24
ST0039,P0394,38,18
ST0039,P0471,54,15
ST0039,P0111,181,34
ST0039,P0482,74,16
ST0039,P0361,28,22
ST0040,P0225,114,34
ST0040,P0523,217,32
ST0040,P0400,212,18
ST0040,P0501,22,12
ST0040,P0413,70,14
ST0040,P0219,54,31
ST0040,P0091,66,25
ST0040,P0037,90,38
ST0040,P0167,199,33
ST0040,P0407,36,14
ST0040,P0420,222,17
ST0040,P0580,157,12
ST0040,P0215,189,29
ST0040,P0154,93,24
ST0040,P0023,35,32
ST0040,P0195,248,29
ST0040,P0221,162,37
ST0040,P0035,0,27
ST0040,P0290,171,11
ST0040,P0419,1,36
ST0040,P0143,26,34
ST0040,P0558,109,15
ST0040,P0068,103,25
ST0040,P0224,103,37
ST0040,P0211,152,31
ST0040,P0469,195,34
ST0040,P0081,223,15
ST0040,P0137,172,39
ST0040,P0435,82,27
ST0040,P0443,134,14
ST0040,P0216,98,30
ST0040,P0320,123,16
ST0040,P0259,103,25
ST0040,P0484,226,13
ST0040,P0017,13,28
ST0040,P0006,58,32
ST0040,P0111,109,12
ST0040,P0118,0,13
ST0040,P0471,19,32
ST0040,P0405,138,37
ST0040,P0133,85,15
ST0040,P0237,26,35
ST0040,P0283,86,21
ST0040,P0070,234,32
ST0040,P0513,146,28
ST0040,P0198,224,23
ST0040,P0239,109,17
ST0040,P0592,245,34
ST0040,P0455,174,14
ST0040,P0063,245,10
ST0040,P0430,148,11
ST0040,P0571,45,16
ST0040,P0446,133,34
ST0040,P0036,151,13
ST0040,P0432,162,24
ST0040,P0148,107,34
ST0040,P0322,212,39
ST0040,P0066,3,32
ST0040,P0359,0,23
ST0040,P0281,65,35
ST0040,P0310,147,31
ST0040,P0470,146,30
ST0040,P0087,128,34
ST0040,P0381,170,25
ST0040,P0187,202,14
ST0040,P0175,220,33
ST0040,P0530,9,38
ST0040,P0428,125,16
ST0040,P0209,4,10
ST0040,P0541,211,13
ST0040,P0129,81,39
ST0040,P0181,27,34
ST0040,P0245,45,33
ST0040,P0427,212,27
ST0040,P0201,44,34
ST0040,P0537,149,21
ST0040,P0196,1,11
ST0040,P0360,93,36
ST0040,P0313,0,16
ST0040,P0130,149,39
ST0041,P0465,210,35
ST0041,P0018,240,12
ST0041,P0163,129,27
ST0041,P0200,175,30
ST0041,P0374,22,35
ST0041,P0010,168,18
ST0041,P0432,169,39
ST0041,P0229,59,34
ST0041,P0079,156,18
ST0041,P0258,249,15
ST0041,P0158,192,22
ST0041,P0492,204,13
ST0041,P0500,123,33
ST0041,P0213,60,16
ST0041,P0509,144,31
ST0041,P0266,163,15
ST0041,P0156,95,37
ST0041,P0336,143,29
ST0041,P0170,32,23
ST0041,P0201,107,28
ST0041,P0099,219,21
ST0041,P0597,240,16
ST0041,P0232,0,29
ST0041,P0307,74,19
ST0041,P0520,89,33
ST0041,P0370,109,39
ST0041,P0094,111,17
ST0041,P0238,73,38
ST0041,P0383,110,29
ST0041,P0026,196,14
ST0041,P0259,174,26
ST0041,P0114,42,18
ST0041,P0140,111,37
ST0041,P0457,172,19
ST0041,P0571,83,31
ST0041,P0063,92,39
ST0041,P0219,59,11
ST0041,P0436,198,30
ST0041,P0171,196,31
ST0041,P0119,156,27
ST0041,P0159,132,38
ST0041,P0416,210,28
ST0041,P0176,147,29
ST0041,P0461,111,29
ST0041,P0447,126,21
ST0041,P0069,89,26
ST0041,P0469,145,34
ST0041,P0166,131,29
ST0041,P0085,170,25
ST0041,P0355,1,27
ST0041,P0495,41,32
ST0041,P0572,249,29
ST0041,P0090,66,13
ST0041,P0513,213,32
ST0041,P0335,204,34
ST0041,P0132,51,14
ST0041,P0496,228,16
ST0041,P0458,133,18
ST0041,P0530,174,14
ST0041,P0291,26,24
ST0041,P0001,115,36
ST0041,P0489,48,34
ST0041,P0139,219,21
ST0041,P0251,99,22
ST0041,P0234,219,39
ST0041,P0481,237,17
ST0041,P0311,0,28
ST0041,P0397,132,39
ST0041,P0577,223,13
ST0041,P0405,32,37
ST0041,P0202,247,34
ST0041,P0209,123,23
ST0041,P0145,93,12
ST0041,P0243,33,38
ST0041,P0255,0,19
ST0041,P0430,197,32
ST0041,P0016,154,15
ST0041,P0262,62,14
ST0041,P0391,154,22
ST0041,P0106,208,19
ST0042,P0127,240,29
ST0042,P0492,246,12
ST0042,P0117,56,20
ST0042,P0217,137,24
ST0042,P0148,30,29
ST0042,P0002,35,39
ST0042,P0247,179,21
ST0042,P0273,234,27
ST0042,P0031,166,27
ST0042,P0057,174,17
ST0042,P0531,165,17
ST0042,P0284,217,19
ST0042,P0555,114,19
ST0042,P0236,197,11
ST0042,P0075,233,35
ST0042,P0401,101,22
ST0042,P0335,241,24
ST0042,P0145,100,15
ST0042,P0291,56,29
ST0042,P0351,185,38
ST0042,P0240,23,31
ST0042,P0493,0,20
ST0042,P0023,100,15
ST0042,P0439,136,32
ST0042,P0133,19,38
ST0042,P0505,159,34
ST0042,P0113,54,28
ST0042,P0536,65,23
ST0042,P0013,192,19
ST0042,P0504,180,12
ST0042,P0001,17,25
ST0042,P0580,167,26
ST0042,P0373,237,30
ST0042,P0336,206,31
ST0042,P0445,221,31
ST0042,P0320,182,37
ST0042,P0072,235,19
ST0042,P0541,70,26
ST0042,P0024,177,25
ST0042,P0301,80,31
ST0042,P0420,238,18
ST0042,P0206,158,21
ST0042,P0230,245,28
ST0042,P0037,136,33
ST0042,P0125,102,36
ST0042,P0498,44,28
ST0042,P0309,66,17
ST0042,P0438,82,15
ST0042,P0046,117,19
ST0042,P0471,108,23
ST0042,P0210,60,13
ST0042,P0502,101,26
ST0042,P0216,73,29
ST0042,P0211,232,31
ST0042,P0393,29,20
ST0042,P0528,70,17
ST0042,P0157,0,12
ST0042,P0063,192,30
ST0042,P0095,126,31
ST0042,P0123,242,34
ST0042,P0395,130,16
ST0042,P0330,193,12
ST0042,P0049,34,27
ST0042,P0122,143,37
ST0042,P0098,220,33
ST0042,P0413,73,18
ST0042,P0219,246,32
ST0042,P0465,228,14
ST0042,P0561,201,13
ST0042,P0372,233,37
ST0042,P0543,165,10
ST0042,P0366,38,24
ST0042,P0083,74,25
ST0042,P0043,166,25
ST0042,P0594,0,16
ST0042,P0476,200,39
ST0042,P0086,101,34
ST0042,P0124,236,11
ST0042,P0198,175,30
ST0042,P0458,201,23
ST0043,P0312,230,20
ST0043,P0263,150,24
ST0043,P0261,222,34
ST0043,P0199,79,18
ST0043,P0025,195,27
ST0043,P0487,156,38
ST0043,P0560,149,13
ST0043,P0438,94,29
ST0043,P0281,151,34
ST0043,P0294,45,16
ST0043,P0077,159,38
ST0043,P0122,33,22
ST0043,P0249,100,28
ST0043,P0554,249,39
ST0043,P0514,126,37
ST0043,P0284,118,15
ST0043,P0427,111,28
ST0043,P0356,161,20
ST0043,P0108,163,11
ST0043,P0366,75,15
ST0043,P0180,51,38
ST0043,P0160,205,13
ST0043,P0419,233,37
ST0043,P0141,216,23
ST0043,P0192,0,20
ST0043,P0148,77,17
ST0043,P0480,86,37
ST0043,P0518,165,25
ST0043,P0561,27,37
ST0043,P0046,126,32
ST0043,P0204,245,38
ST0043,P0203,28,16
ST0043,P0585,147,14
ST0043,P0416,11,11
ST0043,P0228,0,30
ST0043,P0372,181,32
ST0043,P0418,191,19
ST0043,P0069,79,12
ST0043,P0598,150,25
ST0043,P0045,3,20
ST0043,P0473,0,19
ST0043,P0500,60,37
ST0043,P0207,172,14
ST0043,P0167,156,16
ST0043,P0214,85,24
ST0043,P0297,25,14
ST0043,P0389,0,38
ST0043,P0279,249,32
ST0043,P0272,0,11
ST0043,P0162,186,21
ST0043,P0174,5,37
ST0043,P0392,57,34
ST0043,P0030,72,14
ST0043,P0252,143,31
ST0043,P0149,1,37
ST0043,P0420,33,11
ST0043,P0406,30,32
ST0043,P0205,6,31
ST0043,P0327,151,30
ST0043,P0529,221,29
ST0043,P0278,130,32
ST0043,P0475,45,38
ST0043,P0031,246,34
ST0043,P0599,136,18
ST0043,P0568,0,39
ST0043,P0241,124,15
ST0043,P0277,215,15
ST0043,P0075,210,35
ST0043,P0092,0,17
ST0043,P0428,146,26
ST0043,P0572,175,19
ST0043,P0471,241,14
ST0043,P0219,128,37
ST0043,P0426,33,38
ST0043,P0435,220,23
ST0043,P0315,72,16
ST0043,P0581,122,30
ST0043,P0206,232,22
ST0043,P0401,98,31
ST0043,P0409,243,21
ST0044,P0209,161,23
ST0044,P0560,220,33
ST0044,P0403,83,25
ST0044,P0168,156,26
ST0044,P0546,201,22
ST0044,P0536,96,28
ST0044,P0043,198,34
ST0044,P0005,145,15
ST0044,P0100,248,31
ST0044,P0311,0,10
ST0044,P0203,188,24
ST0044,P0584,189,15
ST0044,P0359,0,32
ST0044,P0535,14,37
ST0044,P0244,209,39
ST0044,P0394,248,10
ST0044,P0196,142,13
ST0044,P0179,54,10
ST0044,P0524,119,12
ST0044,P0253,33,25
ST0044,P0333,161,35
ST0044,P0103,123,23
ST0044,P0369,23,11
ST0044,P0568,0,18
ST0044,P0489,117,12
ST0044,P0125,165,25
ST0044,P0260,178,31
ST0044,P0055,149,34
ST0044,P0569,16,20
ST0044,P0186,244,25
ST0044,P0280,41,36
ST0044,P0513,85,14
ST0044,P0252,170,29
ST0044,P0251,206,34
ST0044,P0110,115,34
ST0044,P0579,171,23
ST0044,P0134,113,38
ST0044,P0377,0,29
ST0044,P0314,35,25
ST0044,P0437,183,22
ST0044,P0089,1,19
ST0044,P0045,226,22
ST0044,P0025,169,31
ST0044,P0516,154,37
ST0044,P0190,171,38
ST0044,P0497,139,14
ST0044,P0414,68,23
ST0044,P0074,82,17
ST0044,P0431,172,30
ST0044,P0266,178,21
ST0044,P0368,242,10
ST0044,P0291,2,33
ST0044,P0104,189,22
ST0044,P0386,172,14
ST0044,P0063,204,31
ST0044,P0442,7,34
ST0044,P0195,202,13
ST0044,P0398,0,32
ST0044,P0423,215,13
ST0044,P0365,146,31
ST0044,P0496,241,36
ST0044,P0299,24,23
ST0044,P0422,213,29
ST0044,P0133,168,18
ST0044,P0309,157,38
ST0044,P0328,142,32
ST0044,P0382,93,20
ST0044,P0554,127,28
ST0044,P0188,95,18
ST0044,P0486,114,11
ST0044,P0458,91,37
ST0044,P0480,236,32
ST0044,P0318,186,11
ST0044,P0067,200,15
ST0044,P0004,242,18
ST0044,P0235,224,28
ST0044,P0559,246,26
ST0044,P0487,9,25
ST0044,P0531,192,18
ST0044,P0508,93,13
ST0045,P0057,15,22
ST0045,P0093,6,15
ST0045,P0251,40,15
ST0045,P0343,0,37
ST0045,P0083,89,17
ST0045,P0278,145,24
ST0045,P0380,212,26
ST0045,P0390,182,27
ST0045,P0009,135,15
ST0045,P0571,242,25
ST0045,P0424,63,38
ST0045,P0427,120,32
ST0045,P0178,248,33
ST0045,P0593,23,35
ST0045,P0268,41,10
ST0045,P0598,233,11
ST0045,P0485,0,25
ST0045,P0477,164,12
ST0045,P0304,158,22
ST0045,P0522,181,32
ST0045,P0249,183,25
ST0045,P0511,40,34
ST0045,P0347,14,20
ST0045,P0002,20,18
ST0045,P0168,145,32
ST0045,P0216,87,30
ST0045,P0136,26,21
ST0045,P0192,0,37
ST0045,P0121,231,35
ST0045,P0559,194,27
ST0045,P0349,139,35
ST0045,P0164,41,23
ST0045,P0407,223,32
ST0045,P0270,110,19
ST0045,P0179,69,11
ST0045,P0355,106,12
ST0045,P0019,65,37
ST0045,P0554,2,39
ST0045,P0543,9,29
ST0045,P0244,184,35
ST0045,P0076,114,30
ST0045,P0509,38,22
ST0045,P0536,67,24
ST0045,P0113,236,36
ST0045,P0183,199,20
ST0045,P0137,139,34
ST0045,P0317,157,23
ST0045,P0585,240,11
ST0045,P0533,5,26
ST0045,P0486,149,29
ST0045,P0119,211,20
ST0045,P0531,20,37
ST0045,P0231,187,23
ST0045,P0498,175,38
ST0045,P0342,0,31
ST0045,P0314,148,29
ST0045,P0079,97,21
ST0045,P0541,219,25
ST0045,P0515,159,24
ST0045,P0478,157,27
ST0045,P0254,218,34
ST0045,P0210,243,28
ST0045,P0256,0,19
ST0045,P0067,5,21
ST0045,P0311,0,13
ST0045,P0483,64,19
ST0045,P0209,175,37
ST0045,P0517,148,16
ST0045,P0173,229,38
ST0045,P0049,2,35
ST0045,P0152,55,19
ST0045,P0267,33,11
ST0045,P0597,198,15
ST0045,P0345,24,38
ST0045,P0487,45,24
ST0045,P0266,11,16
ST0045,P0091,139,37
ST0045,P0354,199,18
ST0045,P0553,215,33
ST0045,P0361,191,13
ST0046,P0141,107,17
ST0046,P0170,124,20
ST0046,P0468,151,31
ST0046,P0147,216,24
ST0046,P0307,242,36
ST0046,P0581,237,36
ST0046,P0252,40,31
ST0046,P0593,143,16
ST0046,P0146,217,30
ST0046,P0388,110,38
ST0046,P0540,121,36
ST0046,P0531,43,24
ST0046,P0246,144,16
ST0046,P0543,167,12
ST0046,P0504,143,31
ST0046,P0155,150,38
ST0046,P0260,164,33
ST0046,P0436,181,20
ST0046,P0405,235,29
ST0046,P0209,140,35
ST0046,P0456,160,38
ST0046,P0054,113,25
ST0046,P0066,69,22
ST0046,P0321,36,29
ST0046,P0389,0,13
ST0046,P0156,232,25
ST0046,P0145,241,19
ST0046,P0344,70,31
ST0046,P0355,105,37
ST0046,P0018,240,24
ST0046,P0005,194,22
ST0046,P0510,0,20
ST0046,P0164,70,11
ST0046,P0453,224,16
ST0046,P0254,218,29
ST0046,P0291,17,36
ST0046,P0319,187,20
ST0046,P0358,25,28
ST0046,P0154,228,24
ST0046,P0449,43,21
ST0046,P0559,54,22
ST0046,P0143,63,22
ST0046,P0023,131,20
ST0046,P0315,69,28
ST0046,P0364,113,32
ST0046,P0428,6,25
ST0046,P0339,131,10
ST0046,P0347,56,25
ST0046,P0599,22,18
ST0046,P0238,196,31
ST0046,P0565,109,15
ST0046,P0279,173,15
ST0046,P0195,113,37
ST0046,P0220,0,32
ST0046,P0012,0,34
ST0046,P0538,247,24
ST0046,P0253,189,27
ST0046,P0351,247,26
ST0046,P0095,116,22
ST0046,P0172,0,17
ST0046,P0162,11,34
ST0046,P0375,170,18
ST0046,P0074,101,17
ST0046,P0595,30,13
ST0046,P0038,184,21
ST0046,P0361,93,35
ST0046,P0494,89,17
ST0046,P0196,152,13
ST0046,P0555,79,11
ST0046,P0035,0,28
ST0046,P0459,0,25
ST0046,P0183,92,20
ST0046,P0224,116,31
ST0046,P0371,131,36
ST0046,P0082,94,29
ST0046,P0598,19,33
ST0046,P0002,138,20
ST0046,P0070,94,18
ST0046,P0115,6,31
ST0046,P0236,208,11
ST0047,P0234,149,18
ST0047,P0469,172,15
ST0047,P0490,149,34
ST0047,P0271,100,20
ST0047,P0133,46,16
ST0047,P0148,119,18
ST0047,P0380,223,25
ST0047,P0044,30,10
ST0047,P0033,5,22
ST0047,P0259,133,27
ST0047,P0051,145,26
ST0047,P0020,243,29
ST0047,P0101,25,15
ST0047,P0152,186,33
ST0047,P0596,202,15
ST0047,P0431,160,19
ST0047,P0598,172,39
ST0047,P0262,155,22
ST0047,P0226,0,30
ST0047,P0312,229,30
ST0047,P0512,132,39
ST0047,P0354,178,23
ST0047,P0475,166,27
ST0047,P0147,146,13
ST0047,P0495,5,20
ST0047,P0158,129,36
ST0047,P0038,154,34
ST0047,P0387,94,19
ST0047,P0136,174,28
ST0047,P0288,30,14
ST0047,P0464,214,29
ST0047,P0370,214,13
ST0047,P0186,177,24
ST0047,P0486,7,25
ST0047,P0441,0,18
ST0047,P0154,185,23
ST0047,P0329,55,24
ST0047,P0423,28,30
ST0047,P0561,62,27
ST0047,P0557,63,14
ST0047,P0323,246,26
ST0047,P0449,245,12
ST0047,P0541,195,30
ST0047,P0480,41,35
ST0047,P0025,115,17
ST0047,P0279,81,12
ST0047,P0536,235,26
ST0047,P0214,207,28
ST0047,P0591,11,34
ST0047,P0161,178,33
ST0047,P0223,75,16
ST0047,P0395,211,30
ST0047,P0070,99,15
ST0047,P0270,22,23
ST0047,P0062,155,13
ST0047,P0102,244,14
ST0047,P0132,243,26
ST0047,P0383,246,22
ST0047,P0142,150,14
ST0047,P0401,88,26
ST0047,P0392,65,30
ST0047,P0434,243,35
ST0047,P0149,221,17
ST0047,P0111,184,35
ST0047,P0506,189,12
ST0047,P0199,97,22
ST0047,P0219,219,35
ST0047,P0031,81,10
ST0047,P0377,0,10
ST0047,P0358,243,33
ST0047,P0157,0,18
ST0047,P0162,136,14
ST0047,P0372,17,28
ST0047,P0184,191,15
ST0047,P0410,172,17
ST0047,P0313,0,17
ST0047,P0539,169,12
ST0047,P0359,0,16
ST0047,P0089,125,14
ST0047,P0420,45,13
ST0048,P0239,86,21
ST0048,P0077,226,29
ST0048,P0338,12,30
ST0048,P0414,189,17
ST0048,P0115,242,26
ST0048,P0017,49,30
ST0048,P0122,31,24
ST0048,P0370,5,29
ST0048,P0577,208,31
ST0048,P0327,187,34
ST0048,P0157,0,20
ST0048,P0132,42,19
ST0048,P0490,32,25
ST0048,P0318,82,39
ST0048,P0301,70,35
ST0048,P0188,75,21
ST0048,P0277,162,11
ST0048,P0179,208,23
ST0048,P0165,150,22
ST0048,P0411,241,39
ST0048,P0242,145,15
ST0048,P0497,50,23
ST0048,P0063,6,29
ST0048,P0433,223,32
ST0048,P0545,89,23
ST0048,P0483,43,39
ST0048,P0094,61,26
ST0048,P0558,74,17
ST0048,P0566,171,24
ST0048,P0104,20,23
ST0048,P0339,183,26
ST0048,P0415,0,12
ST0048,P0199,116,10
ST0048,P0367,165,30
ST0048,P0092,0,15
ST0048,P0502,10,34
ST0048,P0135,130,18
ST0048,P0330,197,23
ST0048,P0354,241,31
ST0048,P0180,11,31
ST0048,P0390,171,33
ST0048,P0355,188,23
ST0048,P0273,169,36
ST0048,P0248,56,29
ST0048,P0385,168,17
ST0048,P0519,60,23
ST0048,P0213,78,13
ST0048,P0600,209,16
ST0048,P0032,47,27
ST0048,P0474,234,31
ST0048,P0034,96,17
ST0048,P0553,181,35
ST0048,P0381,95,16
ST0048,P0027,12,38
ST0048,P0185,181,38
ST0048,P0279,79,27
ST0048,P0232,0,24
ST0048,P0393,4,30
ST0048,P0345,247,34
ST0048,P0195,221,33
ST0048,P0596,245,15
ST0048,P0291,87,10
ST0048,P0446,201,34
ST0048,P0572,88,28
ST0048,P0346,203,27
ST0048,P0070,158,24
ST0048,P0522,135,20
ST0048,P0377,0,24
ST0048,P0374,92,13
ST0048,P0314,215,20
ST0048,P0593,169,10
ST0048,P0065,203,28
ST0048,P0215,174,13
ST0048,P0093,217,31
ST0048,P0033,13,19
ST0048,P0584,159,36
ST0048,P0041,199,25
ST0048,P0294,168,39
ST0048,P0117,218,38
ST0048,P0425,106,23
ST0049,P0544,88,35
ST0049,P0340,33,29
ST0049,P0520,99,32
ST0049,P0050,203,35
ST0049,P0032,162,32
ST0049,P0224,224,11
ST0049,P0359,0,23
ST0049,P0553,149,26
ST0049,P0562,192,11
ST0049,P0130,16,27
ST0049,P0251,88,30
ST0049,P0439,130,31
ST0049,P0279,123,32
ST0049,P0161,94,14
ST0049,P0240,21,17
ST0049,P0235,121,22
ST0049,P0248,97,19
ST0049,P0193,241,36
ST0049,P0565,109,24
ST0049,P0068,2,35
ST0049,P0245,119,25
ST0049,P0295,38,35
ST0049,P0171,136,28
ST0049,P0378,29,28
ST0049,P0533,38,16
ST0049,P0031,91,32
ST0049,P0237,66,36
ST0049,P0406,122,15
ST0049,P0118,0,28
ST0049,P0101,107,26
ST0049,P0326,60,30
ST0049,P0157,0,19
ST0049,P0070,167,22
ST0049,P0302,195,19
ST0049,P0339,57,26
ST0049,P0343,0,24
ST0049,P0006,0,17
ST0049,P0127,170,24
ST0049,P0116,99,15
ST0049,P0485,0,10
ST0049,P0556,178,27
ST0049,P0079,56,38
ST0049,P0059,112,24
ST0049,P0479,0,30
ST0049,P0498,101,32
ST0049,P0587,17,33
ST0049,P0289,0,37
ST0049,P0137,56,37
ST0049,P0540,209,18
ST0049,P0105,40,17
ST0049,P0165,97,35
ST0049,P0546,37,38
ST0049,P0291,229,35
ST0049,P0389,0,26
ST0049,P0566,241,23
ST0049,P0588,9,12
ST0049,P0585,115,32
ST0049,P0321,123,23
ST0049,P0020,48,26
ST0049,P0430,146,34
ST0049,P0383,170,29
ST0049,P0234,143,23
ST0049,P0223,170,33
ST0049,P0462,241,25
ST0049,P0033,213,20
ST0049,P0272,78,13
ST0049,P0513,49,12
ST0049,P0593,127,33
ST0049,P0233,133,39
ST0049,P0558,163,34
ST0049,P0511,61,14
ST0049,P0041,74,27
ST0049,P0369,39,39
ST0049,P0574,3,38
ST0049,P0169,0,26
ST0049,P0482,233,37
ST0049,P0525,161,36
ST0049,P0096,114,11
ST0049,P0058,131,13
ST0049,P0538,108,10
ST0050,P0313,0,35
ST0050,P0450,228,24
ST0050,P0138,178,16
ST0050,P0118,0,19
ST0050,P0049,188,31
ST0050,P0072,43,11
ST0050,P0202,201,27
ST0050,P0188,81,31
ST0050,P0204,70,33
ST0050,P0327,57,32
ST0050,P0216,159,13
ST0050,P0114,231,36
ST0050,P0456,118,24
ST0050,P0417,40,14
ST0050,P0093,98,14
ST0050,P0418,186,22
ST0050,P0275,146,19
ST0050,P0105,143,36
ST0050,P0075,124,27
ST0050,P0453,217,38
ST0050,P0565,202,22
ST0050,P0035,0,32
ST0050,P0057,205,12
ST0050,P0101,91,33
ST0050,P0376,65,20
ST0050,P0399,107,34
ST0050,P0493,0,19
ST0050,P0337,70,25
ST0050,P0546,119,39
ST0050,P0440,120,10
ST0050,P0180,121,34
ST0050,P0490,167,39
ST0050,P0368,17,34
ST0050,P0539,46,31
ST0050,P0277,241,24
ST0050,P0369,13,13
ST0050,P0293,226,24
ST0050,P0174,236,30
ST0050,P0197,161,33
ST0050,P0237,99,23
ST0050,P0161,246,39
ST0050,P0296,133,27
ST0050,P0243,14,20
ST0050,P0468,106,18
ST0050,P0193,8,26
ST0050,P0380,224,24
ST0050,P0140,169,21
ST0050,P0583,17,32
ST0050,P0010,197,21
ST0050,P0383,97,25
ST0050,P0266,103,36
ST0050,P0253,34,39
ST0050,P0522,234,31
ST0050,P0393,82,18
ST0050,P0363,165,36
ST0050,P0088,187,28
ST0050,P0407,228,11
ST0050,P0156,114,13
ST0050,P0366,167,10
ST0050,P0372,135,36
ST0050,P0559,168,26
ST0050,P0587,238,29
ST0050,P0027,84,10
ST0050,P0003,36,37
ST0050,P0554,152,23
ST0050,P0362,218,30
ST0050,P0185,214,39
ST0050,P0012,0,31
ST0050,P0395,103,19
ST0050,P0040,100,13
ST0050,P0122,14,21
ST0050,P0469,134,28
ST0050,P0099,247,12
ST0050,P0080,122,12
ST0050,P0591,124,36
ST0050,P0001,144,39
ST0050,P0263,163,25
ST0050,P0142,17,16
ST0050,P0139,134,32
ST0050,P0090,66,10
ST0051,P0285,22,24
ST0051,P0331,144,36
ST0051,P0464,223,19
ST0051,P0209,12,35
ST0051,P0314,100,33
ST0051,P0067,40,29
ST0051,P0511,79,32
ST0051,P0012,0,34
ST0051,P0045,46,30
ST0051,P0462,164,36
ST0051,P0548,172,29
ST0051,P0218,156,18
ST0051,P0109,202,14
ST0051,P0483,229,30
ST0051,P0379,12,28
ST0051,P0020,22,35
ST0051,P0089,222,15
ST0051,P0107,230,39
ST0051,P0091,125,18
ST0051,P0539,193,33
ST0051,P0196,89,10
ST0051,P0126,219,20
ST0051,P0180,221,13
ST0051,P0007,126,14
ST0051,P0359,0,27
ST0051,P0226,0,20
ST0051,P0408,142,32
ST0051,P0243,107,35
ST0051,P0351,88,34
ST0051,P0269,2,27
ST0051,P0350,234,10
ST0051,P0491,69,11
ST0051,P0398,0,26
ST0051,P0484,46,31
ST0051,P0471,138,26
ST0051,P0308,0,38
ST0051,P0266,164,23
ST0051,P0492,208,18
ST0051,P0414,143,37
ST0051,P0502,228,14
ST0051,P0343,0,15
ST0051,P0064,63,29
ST0051,P0538,140,26
ST0051,P0248,65,13
ST0051,P0391,105,10
ST0051,P0274,147,38
ST0051,P0160,81,12
ST0051,P0486,195,28
ST0051,P0403,244,25
ST0051,P0591,144,25
ST0051,P0083,32,30
ST0051,P0599,62,34
ST0051,P0093,80,39
ST0051,P0078,246,16
ST0051,P0085,76,38
ST0051,P0505,76,20
ST0051,P0120,105,30
ST0051,P0237,183,31
ST0051,P0151,221,28
ST0051,P0411,4,30
ST0051,P0354,92,20
ST0051,P0393,207,21
ST0051,P0358,183,33
ST0051,P0477,109,33
ST0051,P0545,127,18
ST0051,P0092,0,38
ST0051,P0238,97,23
ST0051,P0356,137,17
ST0051,P0114,180,30
ST0051,P0088,216,14
ST0051,P0585,64,24
ST0051,P0060,237,25
ST0051,P0170,163,25
ST0051,P0164,88,17
ST0051,P0362,146,13
ST0051,P0333,42,31
ST0051,P0090,69,18
ST0051,P0222,18,36
ST0051,P0103,119,35
ST0051,P0154,217,37
ST0052,P0135,164,21
ST0052,P0326,107,36
ST0052,P0371,64,23
ST0052,P0397,52,14
ST0052,P0584,144,26
ST0052,P0179,175,16
ST0052,P0114,65,19
ST0052,P0491,204,15
ST0052,P0275,220,12
ST0052,P0189,65,12
ST0052,P0103,153,28
ST0052,P0592,229,11
ST0052,P0526,198,21
ST0052,P0208,245,39
ST0052,P0447,221,36
ST0052,P0420,96,25
ST0052,P0195,143,11
ST0052,P0501,87,31
ST0052,P0218,57,31
ST0052,P0072,217,28
ST0052,P0360,236,11
ST0052,P0305,157,11
ST0052,P0406,58,10
ST0052,P0541,47,24
ST0052,P0067,226,31
ST0052,P0290,123,15
ST0052,P0191,206,34
ST0052,P0096,37,11
ST0052,P0274,163,18
ST0052,P0026,134,20
ST0052,P0034,200,33
ST0052,P0554,86,29
ST0052,P0020,1,34
ST0052,P0399,209,24
ST0052,P0271,174,18
ST0052,P0461,234,15
ST0052,P0310,204,32
ST0052,P0513,220,20
ST0052,P0251,131,34
ST0052,P0511,198,37
ST0052,P0066,223,34
ST0052,P0039,112,11
ST0052,P0442,167,14
ST0052,P0384,127,38
ST0052,P0065,85,27
ST0052,P0098,201,26
ST0052,P0055,223,37
ST0052,P0321,164,35
ST0052,P0507,54,33
ST0052,P0487,200,39
ST0052,P0233,159,32
ST0052,P0567,228,22
ST0052,P0174,228,24
ST0052,P0021,17,17
ST0052,P0522,204,18
ST0052,P0512,124,11
ST0052,P0051,234,12
ST0052,P0074,166,20
ST0052,P0162,125,15
ST0052,P0041,22,20
ST0052,P0375,198,13
ST0052,P0056,102,32
ST0052,P0536,84,19
ST0052,P0108,119,21
ST0052,P0562,118,16
ST0052,P0476,105,10
ST0052,P0405,78,36
ST0052,P0544,73,13
ST0052,P0181,16,35
ST0052,P0091,237,34
ST0052,P0028,215,29
ST0052,P0052,191,19
ST0052,P0155,94,38
ST0052,P0373,191,26
ST0052,P0489,130,23
ST0052,P0342,0,12
ST0052,P0085,140,25
ST0052,P0265,105,24
ST0052,P0262,54,33
ST0052,P0133,92,39
ST0053,P0534,217,12
ST0053,P0189,86,21
ST0053,P0005,50,10
ST0053,P0142,36,19
ST0053,P0386,191,17
ST0053,P0403,47,23
ST0053,P0300,21,22
ST0053,P0592,39,30
ST0053,P0349,117,25
ST0053,P0555,16,32
ST0053,P0340,165,21
ST0053,P0265,93,34
ST0053,P0155,182,12
ST0053,P0210,218,14
ST0053,P0426,84,19
ST0053,P0212,197,37
ST0053,P0091,35,38
ST0053,P0445,7,36
ST0053,P0473,179,17
ST0053,P0457,145,34
ST0053,P0112,75,25
ST0053,P0311,0,22
ST0053,P0078,162,39
ST0053,P0157,0,23
ST0053,P0160,152,36
ST0053,P0331,144,15
ST0053,P0062,49,12
ST0053,P0202,0,29
ST0053,P0523,156,24
ST0053,P0369,55,25
ST0053,P0278,217,38
ST0053,P0397,65,32
ST0053,P0116,122,33
ST0053,P0325,11,28
ST0053,P0439,86,30
ST0053,P0474,149,12
ST0053,P0522,203,25
ST0053,P0341,159,21
ST0053,P0201,12,14
ST0053,P0511,65,37
ST0053,P0354,43,28
ST0053,P0188,74,26
ST0053,P0135,25,16
ST0053,P0041,120,39
ST0053,P0448,112,36
ST0053,P0251,129,30
ST0053,P0050,1,15
ST0053,P0436,125,13
ST0053,P0314,50,36
ST0053,P0312,162,39
ST0053,P0401,135,10
ST0053,P0310,165,27
ST0053,P0449,117,19
ST0053,P0392,110,17
ST0053,P0242,137,38
ST0053,P0584,222,14
ST0053,P0391,8,37
ST0053,P0138,209,19
ST0053,P0271,201,13
ST0053,P0198,133,33
ST0053,P0375,162,30
ST0053,P0356,184,11
ST0053,P0047,168,16
ST0053,P0009,33,32
ST0053,P0246,28,27
ST0053,P0024,240,39
ST0053,P0081,235,39
ST0053,P0432,28,29
ST0053,P0037,65,29
ST0053,P0597,35,16
ST0053,P0548,10,26
ST0053,P0305,102,27
ST0053,P0087,148,14
ST0053,P0239,59,22
ST0053,P0598,35,14
ST0053,P0145,14,25
ST0053,P0329,131,14
ST0053,P0077,110,28
ST0053,P0433,81,31
ST0053,P0285,65,23
ST0054,P0501,164,37
ST0054,P0302,213,25
ST0054,P0120,147,36
ST0054,P0239,11,23
ST0054,P0478,33,19
ST0054,P0038,5,33
ST0054,P0036,217,34
ST0054,P0466,231,30
ST0054,P0575,125,12
ST0054,P0188,202,24
ST0054,P0168,142,16
ST0054,P0314,91,11
ST0054,P0053,62,34
ST0054,P0059,41,30
ST0054,P0203,197,16
ST0054,P0399,180,28
ST0054,P0032,207,26
ST0054,P0087,124,18
ST0054,P0091,107,37
ST0054,P0512,72,20
ST0054,P0484,23,37
ST0054,P0068,199,36
ST0054,P0432,202,32
ST0054,P0444,243,14
ST0054,P0351,102,20
ST0054,P0433,148,29
ST0054,P0246,14,22
ST0054,P0133,160,38
ST0054,P0372,105,29
ST0054,P0487,68,39
ST0054,P0216,53,23
ST0054,P0526,36,23
ST0054,P0571,8,30
ST0054,P0202,156,10
ST0054,P0485,0,38
ST0054,P0560,120,19
ST0054,P0296,129,39
ST0054,P0135,3,11
ST0054,P0186,144,14
ST0054,P0082,42,38
ST0054,P0035,0,11
ST0054,P0154,171,24
ST0054,P0467,223,32
ST0054,P0013,29,22
ST0054,P0455,162,27
ST0054,P0167,59,29
ST0054,P0320,85,25
ST0054,P0056,38,34
ST0054,P0552,143,27
ST0054,P0317,5,12
ST0054,P0134,209,11
ST0054,P0513,73,34
ST0054,P0358,173,28
ST0054,P0382,114,28
ST0054,P0195,30,23
ST0054,P0445,167,14
ST0054,P0208,246,10
ST0054,P0462,207,25
ST0054,P0546,43,28
ST0054,P0493,0,38
ST0054,P0234,171,26
ST0054,P0566,145,36
ST0054,P0252,99,31
ST0054,P0295,215,37
ST0054,P0420,29,11
ST0054,P0589,100,11
ST0054,P0408,199,20
ST0054,P0206,186,37
ST0054,P0393,213,15
ST0054,P0250,130,35
ST0054,P0283,180,18
ST0054,P0316,113,31
ST0054,P0346,66,21
ST0054,P0152,171,32
ST0054,P0579,139,30
ST0054,P0593,180,22
ST0054,P0509,236,33
ST0054,P0251,232,38
ST0054,P0270,52,39
ST0054,P0463,228,16
ST0055,P0398,0,20
ST0055,P0002,165,33
ST0055,P0442,80,29
ST0055,P0211,237,20
ST0055,P0562,9,12
ST0055,P0590,129,15
ST0055,P0430,211,10
ST0055,P0416,217,26
ST0055,P0207,143,17
ST0055,P0031,150,15
ST0055,P0588,24,12
ST0055,P0375,185,37
ST0055,P0118,0,31
ST0055,P0016,128,11
ST0055,P0103,206,22
ST0055,P0370,129,13
ST0055,P0355,211,22
ST0055,P0287,14,15
ST0055,P0301,64,33
ST0055,P0296,0,23
ST0055,P0138,241,23
ST0055,P0050,225,10
ST0055,P0148,59,19
ST0055,P0192,0,22
ST0055,P0598,112,34
ST0055,P0149,124,14
ST0055,P0178,108,33
ST0055,P0228,0,17
ST0055,P0481,47,22
ST0055,P0294,106,20
ST0055,P0543,244,24
ST0055,P0126,136,27
ST0055,P0471,124,36
ST0055,P0166,241,30
ST0055,P0158,160,15
ST0055,P0424,61,23
ST0055,P0422,100,38
ST0055,P0299,179,35
ST0055,P0551,111,16
ST0055,P0097,23,16
ST0055,P0005,245,26
ST0055,P0485,0,25
ST0055,P0597,3,28
ST0055,P0071,155,22
ST0055,P0576,249,33
ST0055,P0337,48,16
ST0055,P0139,44,28
ST0055,P0557,183,24
ST0055,P0599,74,35
ST0055,P0220,0,14
ST0055,P0078,157,23
ST0055,P0076,211,14
ST0055,P0155,17,30
ST0055,P0122,183,25
ST0055,P0217,123,17
ST0055,P0186,228,39
ST0055,P0092,0,28
ST0055,P0451,104,16
ST0055,P0215,160,12
ST0055,P0396,206,12
ST0055,P0589,226,35
ST0055,P0387,163,24
ST0055,P0547,74,22
ST0055,P0182,83,20
ST0055,P0059,54,31
ST0055,P0379,71,38
ST0055,P0448,32,21
ST0055,P0150,45,16
ST0055,P0546,46,36
ST0055,P0179,204,11
ST0055,P0252,54,15
ST0055,P0347,28,21
ST0055,P0011,46,26
ST0055,P0033,212,39
ST0055,P0081,213,31
ST0055,P0043,34,26
ST0055,P0200,56,34
ST0055,P0566,27,27
ST0055,P0455,149,18
ST0055,P0127,79,24
ST0056,P0458,32,32
ST0056,P0129,60,10
ST0056,P0352,112,15
ST0056,P0037,179,39
ST0056,P0242,245,19
ST0056,P0043,44,29
ST0056,P0386,26,22
ST0056,P0425,24,16
ST0056,P0583,87,33
ST0056,P0415,0,25
ST0056,P0153,237,12
ST0056,P0507,229,36
ST0056,P0086,134,30
ST0056,P0004,165,27
ST0056,P0423,220,34
ST0056,P0436,168,39
ST0056,P0516,88,24
ST0056,P0131,172,33
ST0056,P0298,136,39
ST0056,P0356,137,37
ST0056,P0471,186,26
ST0056,P0246,22,38
ST0056,P0202,208,30
ST0056,P0570,35,36
ST0056,P0184,248,25
ST0056,P0355,179,22
ST0056,P0395,191,15
ST0056,P0192,0,27
ST0056,P0491,191,25
ST0056,P0267,177,14
ST0056,P0490,85,13
ST0056,P0181,53,13
ST0056,P0562,25,12
ST0056,P0319,62,36
ST0056,P0081,41,10
ST0056,P0498,203,10
ST0056,P0084,168,34
ST0056,P0527,189,39
ST0056,P0100,34,16
ST0056,P0089,236,35
ST0056,P0114,150,30
ST0056,P0317,98,23
ST0056,P0494,236,29
ST0056,P0012,0,38
ST0056,P0222,193,22
ST0056,P0524,99,32
ST0056,P0307,11,30
ST0056,P0110,222,14
ST0056,P0054,162,31
ST0056,P0474,127,36
ST0056,P0575,225,34
ST0056,P0443,169,29
ST0056,P0294,65,13
ST0056,P0508,142,24
ST0056,P0120,192,23
ST0056,P0127,113,13
ST0056,P0345,206,31
ST0056,P0280,216,19
ST0056,P0555,158,24
ST0056,P0354,134,35
ST0056,P0249,185,27
ST0056,P0475,165,19
ST0056,P0412,161,31
ST0056,P0035,0,34
ST0056,P0546,36,23
ST0056,P0051,164,34
ST0056,P0430,219,18
ST0056,P0410,111,21
ST0056,P0263,62,28
ST0056,P0520,162,13
ST0056,P0282,41,13
ST0056,P0431,147,34
ST0056,P0421,130,16
ST0056,P0024,58,21
ST0056,P0174,70,14
ST0056,P0399,248,30
ST0056,P0535,199,25
ST0056,P0178,111,19
ST0056,P0224,171,29
ST0056,P0567,212,11
ST0057,P0233,226,27
ST0057,P0011,243,29
ST0057,P0004,116,32
ST0057,P0544,125,16
ST0057,P0046,182,15
ST0057,P0071,137,36
ST0057,P0275,2,33
ST0057,P0542,227,25
ST0057,P0356,38,36
ST0057,P0121,83,35
ST0057,P0231,149,19
ST0057,P0290,216,15
ST0057,P0569,111,12
ST0057,P0034,120,34
ST0057,P0261,56,34
ST0057,P0026,248,30
ST0057,P0167,28,15
ST0057,P0218,56,12
ST0057,P0159,45,30
ST0057,P0450,89,10
ST0057,P0457,249,13
ST0057,P0294,130,37
ST0057,P0452,192,20
ST0057,P0304,93,33
ST0057,P0375,30,36
ST0057,P0496,112,26
ST0057,P0023,136,26
ST0057,P0105,100,33
ST0057,P0500,106,19
ST0057,P0595,20,38
ST0057,P0068,224,38
ST0057,P0163,96,23
ST0057,P0330,92,38
ST0057,P0166,22,13
ST0057,P0049,103,28
ST0057,P0382,8,20
ST0057,P0037,108,31
ST0057,P0066,195,15
ST0057,P0415,0,13
ST0057,P0115,50,27
ST0057,P0083,109,38
ST0057,P0579,158,14
ST0057,P0127,38,12
ST0057,P0035,0,29
ST0057,P0044,222,31
ST0057,P0063,80,33
ST0057,P0227,85,34
ST0057,P0052,130,23
ST0057,P0429,44,35
ST0057,P0148,143,34
ST0057,P0081,117,34
ST0057,P0301,215,39
ST0057,P0175,10,25
ST0057,P0157,0,37
ST0057,P0098,188,36
ST0057,P0096,147,34
ST0057,P0490,80,11
ST0057,P0337,26,21
ST0057,P0062,43,18
ST0057,P0317,86,29
ST0057,P0590,21,37
ST0057,P0363,84,31
ST0057,P0526,122,36
ST0057,P0497,51,18
ST0057,P0566,207,26
ST0057,P0020,44,29
ST0057,P0103,245,32
ST0057,P0215,98,16
ST0057,P0483,117,19
ST0057,P0512,103,23
ST0057,P0354,10,26
ST0057,P0589,57,24
ST0057,P0373,154,39
ST0057,P0397,187,21
ST0057,P0505,140,19
ST0057,P0554,48,37
ST0057,P0384,127,21
ST0057,P0067,75,26
ST0057,P0448,148,17
ST0057,P0047,41,24
ST0058,P0547,224,33
ST0058,P0293,12,27
ST0058,P0146,222,25
ST0058,P0212,132,31
ST0058,P0359,0,26
ST0058,P0474,136,21
ST0058,P0406,64,16
ST0058,P0492,43,19
ST0058,P0456,198,13
ST0058,P0582,116,10
ST0058,P0077,230,37
ST0058,P0593,38,26
ST0058,P0536,135,21
ST0058,P0519,83,23
ST0058,P0255,0,19
ST0058,P0036,203,15
ST0058,P0105,221,11
ST0058,P0463,243,32
ST0058,P0239,172,15
ST0058,P0208,131,33
ST0058,P0052,124,31
ST0058,P0565,102,37
ST0058,P0218,141,13
ST0058,P0352,73,13
ST0058,P0378,19,18
ST0058,P0504,93,30
ST0058,P0238,201,39
ST0058,P0499,230,39
ST0058,P0083,240,13
ST0058,P0502,41,30
ST0058,P0344,106,24
ST0058,P0121,113,25
ST0058,P0076,5,35
ST0058,P0260,142,26
ST0058,P0111,141,26
ST0058,P0100,164,26
ST0058,P0234,194,30
ST0058,P0278,33,33
ST0058,P0540,118,29
ST0058,P0322,28,23
ST0058,P0084,178,31
ST0058,P0075,134,23
ST0058,P0532,127,20
ST0058,P0585,180,16
ST0058,P0512,12,27
ST0058,P0489,137,28
ST0058,P0085,103,10
ST0058,P0580,66,35
ST0058,P0357,66,28
ST0058,P0039,1,15
ST0058,P0241,220,26
ST0058,P0101,80,36
ST0058,P0131,110,17
ST0058,P0432,121,38
ST0058,P0376,6,15
ST0058,P0233,240,39
ST0058,P0535,210,21
ST0058,P0340,10,19
ST0058,P0588,33,12
ST0058,P0028,116,35
ST0058,P0391,202,33
ST0058,P0136,214,31
ST0058,P0087,33,34
ST0058,P0034,211,25
ST0058,P0355,127,35
ST0058,P0468,165,18
ST0058,P0491,54,15
ST0058,P0089,208,36
ST0058,P0190,223,27
ST0058,P0211,59,12
ST0058,P0506,180,35
ST0058,P0155,188,36
ST0058,P0061,5,33
ST0058,P0127,214,26
ST0058,P0326,216,24
ST0058,P0200,3,15
ST0058,P0189,84,38
ST0058,P0268,130,36
ST0058,P0494,23,11
ST0058,P0217,45,32
ST0059,P0130,67,11
ST0059,P0246,151,10
ST0059,P0118,0,16
ST0059,P0374,204,33
ST0059,P0006,37,29
ST0059,P0044,60,20
ST0059,P0411,114,20
ST0059,P0251,1,10
ST0059,P0451,97,26
ST0059,P0457,197,33
ST0059,P0030,64,11
ST0059,P0144,8,26
ST0059,P0254,241,38
ST0059,P0039,152,38
ST0059,P0137,72,23
ST0059,P0556,127,28
ST0059,P0376,183,31
ST0059,P0199,37,31
ST0059,P0111,112,24
ST0059,P0233,65,29
ST0059,P0403,140,16
ST0059,P0041,161,27
ST0059,P0145,0,30
ST0059,P0407,145,29
ST0059,P0333,22,34
ST0059,P0489,57,23
ST0059,P0201,11,12
ST0059,P0399,162,37
ST0059,P0012,0,17
ST0059,P0443,202,32
ST0059,P0194,125,28
ST0059,P0182,93,29
ST0059,P0307,148,22
ST0059,P0186,205,35
ST0059,P0034,106,20
ST0059,P0362,21,31
ST0059,P0561,39,34
ST0059,P0499,151,30
ST0059,P0250,168,11
ST0059,P0127,139,14
ST0059,P0241,219,37
ST0059,P0429,40,29
ST0059,P0007,225,23
ST0059,P0149,19,20
ST0059,P0329,230,26
ST0059,P0235,0,24
ST0059,P0566,134,29
ST0059,P0319,184,20
ST0059,P0053,171,30
ST0059,P0151,48,32
ST0059,P0487,221,31
ST0059,P0216,140,17
ST0059,P0160,176,20
ST0059,P0494,32,26
ST0059,P0520,70,26
ST0059,P0218,133,26
ST0059,P0396,228,24
ST0059,P0455,43,12
ST0059,P0279,135,12
ST0059,P0349,227,13
ST0059,P0491,6,26
ST0059,P0371,219,38
ST0059,P0209,237,24
ST0059,P0509,151,10
ST0059,P0267,152,35
ST0059,P0540,207,38
ST0059,P0077,62,32
ST0059,P0408,56,37
ST0059,P0098,100,25
ST0059,P0190,137,17
ST0059,P0597,34,31
ST0059,P0165,190,16
ST0059,P0337,160,22
ST0059,P0293,232,24
ST0059,P0515,113,28
ST0059,P0416,105,28
ST0059,P0318,171,16
ST0059,P0543,20,18
ST0059,P0495,139,14
ST0059,P0195,4,24
ST0060,P0019,131,14
ST0060,P0127,201,29
ST0060,P0050,215,14
ST0060,P0071,184,29
ST0060,P0328,123,37
ST0060,P0452,212,37
ST0060,P0303,151,18
ST0060,P0021,11,35
ST0060,P0485,0,12
ST0060,P0480,165,29
ST0060,P0033,50,13
ST0060,P0479,0,12
ST0060,P0551,35,21
ST0060,P0082,31,22
ST0060,P0548,174,37
ST0060,P0341,107,26
ST0060,P0086,67,11
ST0060,P0325,193,35
ST0060,P0506,202,17
ST0060,P0302,16,32
ST0060,P0540,89,13
ST0060,P0173,94,26
ST0060,P0152,208,12
ST0060,P0365,113,13
ST0060,P0581,107,18
ST0060,P0363,128,15
ST0060,P0529,154,34
ST0060,P0241,152,35
ST0060,P0293,38,16
ST0060,P0346,39,30
ST0060,P0390,128,23
ST0060,P0584,38,39
ST0060,P0392,11,15
ST0060,P0292,65,34
ST0060,P0240,199,25
ST0060,P0576,99,26
ST0060,P0383,72,18
ST0060,P0205,240,36
ST0060,P0166,57,12
ST0060,P0027,131,28
ST0060,P0156,131,23
ST0060,P0083,133,26
ST0060,P0276,37,24
ST0060,P0249,94,34
ST0060,P0265,141,31
ST0060,P0498,90,22
ST0060,P0313,0,21
ST0060,P0087,178,35
ST0060,P0030,15,12
ST0060,P0245,47,31
ST0060,P0329,90,26
ST0060,P0574,57,13
ST0060,P0146,193,24
ST0060,P0408,82,24
ST0060,P0106,139,30
ST0060,P0565,28,11
ST0060,P0237,111,31
ST0060,P0116,163,38
ST0060,P0424,227,35
ST0060,P0472,40,28
ST0060,P0010,229,11
ST0060,P0512,72,38
ST0060,P0178,100,34
ST0060,P0571,118,21
ST0060,P0199,221,31
ST0060,P0267,140,28
ST0060,P0419,90,23
ST0060,P0280,86,17
ST0060,P0552,116,34
ST0060,P0454,0,12
ST0060,P0323,22,20
ST0060,P0477,93,24
ST0060,P0580,63,25
ST0060,P0378,174,15
ST0060,P0164,136,11
ST0060,P0594,0,18
ST0060,P0493,0,30
ST0060,P0380,74,36
ST0060,P0546,114,32
ST0060,P0437,0,11
